"14yn -- Panos-tuotostaulukko perushintaan, vuosittain, 2021-2023"

"Vuosi";"Toimiala, taloustoimi, lisätietoja";"Tiedot";"01 Kasvinviljely ja kotieläintalous, riistatalous ja niihin liittyvät palvelut";"02 Metsätalous ja puunkorjuu";"03 Kalastus ja vesiviljely";"B Kaivostoiminta ja louhinta (05-09)";"10-12 Elintarviketeollisuus ym.";"13-15 Tekstiiliteollisuus";"16 Sahatavaran sekä puu- ja korkkituotteiden valmistus (pl. huonekalut); olki- ja punontatuotteiden valmistus";"17 Paperin, paperi- ja kartonkituotteiden valmistus";"18 Painaminen ja tallenteiden jäljentäminen";"19 Koksin ja jalostettujen öljytuotteiden valmistus";"20 Kemikaalien ja kemiallisten tuotteiden valmistus";"21 Lääkeaineiden ja lääkkeiden valmistus";"22 Kumi- ja muovituotteiden valmistus";"23 Muiden ei-metallisten mineraalituotteiden valmistus";"24 Metallien jalostus";"25 Metallituotteiden valmistus (pl. koneet ja laitteet)";"26 Tietokoneiden sekä elektronisten ja optisten tuotteiden valmistus";"27 Sähkölaitteiden valmistus";"28 Muiden koneiden ja laitteiden valmistus";"29 Moottoriajoneuvojen, perävaunujen ja puoliperävaunujen valmistus";"30 Muiden kulkuneuvojen valmistus";"31, 32 Muu valmistus ml. huonekalut";"33 Koneiden ja laitteiden korjaus, huolto ja asennus";"35 Sähkö-, kaasu- ja lämpöhuolto, jäähdytysliiketoiminta";"36 Veden otto, puhdistus ja jakelu";"37-39 Jäte- ja jätevesihuolto";"F Rakentaminen (41-43)";"45 Moottoriajoneuvojen ja moottoripyörien tukku- ja vähittäiskauppa sekä korjaus";"46 Tukkukauppa (pl. moottoriajoneuvojen ja moottoripyörien kauppa)";"47 Vähittäiskauppa (pl. moottoriajoneuvojen ja moottoripyörien kauppa)";"49 Maaliikenne ja putkijohtokuljetus";"50 Vesiliikenne";"51 Ilmaliikenne";"52 Varastointi ja liikennettä palveleva toiminta";"53 Posti- ja kuriiritoiminta";"I Majoitus- ja ravitsemistoiminta (55-56)";"58 Kustannustoiminta";"59, 60 Audiovisuaalinen toiminta";"61 Televiestintä";"62, 63 Tietojenkäsittelypalvelu";"64 Rahoituspalvelut (pl. vakuutus- ja eläkevakuutustoiminta)";"65 Vakuutus-, jälleenvakuutus- ja eläkevakuutustoiminta (pl. pakollinen sosiaalivakuutus)";"66 Rahoitusta ja vakuuttamista palveleva toiminta";"68 pl. 68202 Kiinteistöalan toiminta pl. asuntojen ja asuinkiinteistöjen hallinta";"68202 Asuntojen ja asuinkiinteistöjen hallinta";"69, 70 Liikkeenjohdon palvelut";"71 Arkkitehti- ja insinööripalvelut; tekninen testaus ja analysointi";"72 Tieteellinen tutkimus ja kehittäminen";"73 Mainostoiminta ja markkinatutkimus";"74, 75 Muut liike-elämän palvelut ja eläinlääkintä";"77 Vuokraus- ja leasingtoiminta";"78 Työllistämistoiminta";"79 Matkatoimistojen ja matkanjärjestäjien toiminta; varauspalvelut";"80-82 Muut tukipalvelut";"84 Julkinen hallinto ja maanpuolustus; pakollinen sosiaalivakuutus";"85 Koulutus";"86 Terveyspalvelut";"87, 88  Sosiaalipalvelut";"90-92 Kulttuuritoiminta ja rahapelit";"93 Urheilutoiminta sekä huvi- ja virkistyspalvelut";"94 Järjestöjen toiminta";"95 Tietokoneiden, henkilökohtaisten ja kotitaloustavaroiden korjaus";"96 Muut henkilökohtaiset palvelut";"97, 98 Kotitalouspalvelut";"A-X toimialat yhteensä (00-99)";"P3KS14 Kotitalouksien kulutusmenot, menona";"P3KS15 Kulutusmenot, voittoa tavoittelemattomat yhteisöt, menona";"P3KS13 Julkiset kulutusmenot, menona";"P3K Kulutusmenot, menona";"P51K Kiinteän pääoman bruttomuodostus, menona";"P52K Varastojen muutos, menona";"P5K Pääoman bruttomuodostus, menona";"P6KS21 Vienti EU-maihin";"P6KS2111 Vienti EU-maihin, EMU-maat";"P6KS2112 Vienti EU-maihin, EMU:n ulkopuoliset maat";"P6KS22 Vienti EU:n ulkopuolelle";"P6K Tavaroiden ja palvelujen vienti, menona";"FUSE_PH Loppukäyttö perushintaan";"USE_PH Käyttö yhteensä perushintaan"
"2021";"01 Kasvinviljely ja kotieläintalous, riistatalous ja niihin liittyvät palvelut";"Käypiin hintoihin, miljoonaa euroa";938.530;101.778;.;.;2525.006;.;3.017;0.026;.;.;4.977;.;0.004;0.028;0.001;0.019;.;.;.;.;0.025;0.077;3.995;0.139;0.002;0.023;5.665;1.080;6.545;0.022;2.190;0.031;0.001;0.774;0.005;118.443;0.001;0.005;0.237;1.093;0.112;0.058;0.134;0.559;0.022;0.871;0.299;0.153;0.246;0.075;0.610;0.036;0.321;2.412;14.572;27.809;24.256;13.388;0.782;1.295;0.497;0.001;0.005;0.129;3802.380;815.301;.;.;815.301;18.861;-151.147;-132.286;108.642;77.081;31.561;168.962;277.604;960.619;4762.999
"2021";"02 Metsätalous ja puunkorjuu";"Käypiin hintoihin, miljoonaa euroa";9.780;1112.325;0.001;12.519;5.031;0.029;1920.720;1514.950;0.062;0.004;0.054;0.011;2.980;0.269;0.046;0.209;0.067;0.037;0.240;0.129;0.054;0.200;0.089;178.627;0.005;0.207;1.861;0.564;4.905;2.258;0.285;0.081;0.106;0.595;0.051;0.954;0.100;0.084;0.300;0.292;0.136;0.103;0.054;0.721;0.022;0.240;0.310;0.211;0.027;0.033;0.075;0.060;0.010;0.277;2.727;21.759;2.840;1.983;0.257;0.297;0.126;0.023;0.121;0.001;4803.496;364.802;.;.;364.802;17.937;422.149;440.086;57.539;18.223;39.317;18.076;75.616;880.504;5684.000
"2021";"03 Kalastus ja vesiviljely";"Käypiin hintoihin, miljoonaa euroa";0.045;0.096;49.049;.;41.909;.;.;.;.;.;2.216;.;.;.;.;.;.;.;.;.;.;.;.;0.011;0.001;0.039;0.829;0.088;0.006;.;0.151;0.167;0.006;2.032;.;27.797;0.001;0.007;0.332;1.480;0.145;0.378;0.176;0.765;0.021;1.193;0.392;0.161;0.345;0.371;0.681;0.042;.;1.022;0.799;0.733;1.162;0.564;0.098;0.189;0.510;0.001;0.007;.;136.016;102.109;.;.;102.109;.;0.095;0.095;7.387;5.532;1.855;5.392;12.779;114.984;251.000
"2021";"B Kaivostoiminta ja louhinta (05-09)";"Käypiin hintoihin, miljoonaa euroa";3.115;3.153;0.003;267.800;2.980;0.131;6.130;29.351;0.242;0.172;126.931;0.322;0.620;156.958;465.062;3.944;4.758;1.021;5.705;1.242;0.314;2.311;3.085;106.995;0.586;7.019;253.867;0.975;5.908;7.215;1.201;0.261;0.225;1.618;0.330;1.244;0.993;0.153;0.827;3.199;0.546;0.209;0.270;1.313;0.404;2.485;3.318;0.513;0.264;3.724;1.424;0.848;0.015;5.352;4.252;0.890;0.775;0.312;0.236;0.254;0.311;0.600;2.008;0.001;1508.295;6.297;.;0.085;6.382;22.981;-47.443;-24.462;354.751;199.612;155.139;766.035;1120.785;1102.705;2611.000
"2021";"10-12 Elintarviketeollisuus ym.";"Käypiin hintoihin, miljoonaa euroa";610.430;10.201;21.038;5.876;1953.063;1.222;15.333;78.961;0.917;1.978;85.085;3.993;2.576;4.608;25.541;7.472;29.318;5.454;23.110;2.240;3.061;2.221;9.172;14.005;0.428;4.496;91.781;13.885;34.380;25.491;17.116;16.721;1.724;151.658;1.999;862.217;7.181;2.216;36.072;155.251;17.955;23.435;18.541;76.007;2.850;125.321;53.852;16.328;33.693;45.625;61.529;7.659;0.107;82.647;75.678;63.140;105.837;50.331;10.322;18.400;49.775;0.868;3.016;0.011;5282.420;5291.929;.;1.484;5293.413;102.758;-6.862;95.896;861.293;421.496;439.797;609.978;1471.271;6860.580;12143.001
"2021";"13-15 Tekstiiliteollisuus";"Käypiin hintoihin, miljoonaa euroa";0.141;0.285;0.006;2.607;3.535;43.447;2.273;9.483;1.629;0.375;3.517;1.880;8.686;11.438;4.632;4.212;9.591;1.868;11.538;0.965;3.498;5.056;2.463;7.521;0.396;14.333;43.039;2.332;22.361;6.626;2.143;1.915;0.463;5.523;0.783;3.087;5.403;1.678;4.267;9.952;1.211;0.894;0.874;1.708;0.095;10.420;14.057;1.503;1.004;7.374;5.095;2.565;0.055;12.173;11.639;2.875;7.376;3.705;0.754;1.762;1.421;1.174;0.673;0.005;355.358;275.489;.;2.115;277.605;18.835;0.462;19.298;304.455;167.428;137.027;187.285;491.740;788.642;1144.000
"2021";"16 Sahatavaran sekä puu- ja korkkituotteiden valmistus (pl. huonekalut); olki- ja punontatuotteiden valmistus";"Käypiin hintoihin, miljoonaa euroa";1.785;2.170;0.018;21.787;13.970;2.349;1000.434;402.902;1.093;0.963;138.943;1.017;11.685;21.427;156.633;26.516;15.160;6.444;23.811;5.609;13.446;63.055;3.391;256.668;0.182;44.989;2333.672;4.251;52.921;41.598;2.472;0.995;0.739;19.049;0.556;6.487;3.442;0.903;3.737;20.264;4.999;3.089;2.442;28.416;3.603;19.933;6.752;2.553;3.543;10.178;6.090;1.209;0.055;38.363;11.502;3.445;5.072;2.482;1.819;2.455;4.275;1.860;6.809;0.005;4898.481;48.259;.;0.818;49.078;40.708;-141.337;-100.629;1454.587;1124.082;330.505;2080.484;3535.071;3483.519;8382.000
"2021";"17 Paperin, paperi- ja kartonkituotteiden valmistus";"Käypiin hintoihin, miljoonaa euroa";5.568;3.504;0.130;9.793;229.825;8.098;60.922;2622.389;63.676;11.605;75.430;19.883;31.414;23.381;103.783;32.292;63.951;37.223;55.353;9.334;9.253;18.762;9.964;39.673;1.116;20.359;148.121;36.400;200.408;80.523;10.427;6.068;2.634;35.236;3.898;31.059;27.916;10.883;9.198;55.507;13.658;6.527;7.737;22.824;2.965;52.229;16.637;6.312;7.359;10.771;12.138;4.285;0.287;51.149;29.327;17.270;49.445;19.970;7.929;9.277;11.299;2.572;4.479;0.085;4591.492;363.964;.;5.417;369.381;185.244;-86.012;99.232;4983.989;3795.963;1188.026;5201.906;10185.895;10654.508;15246.000
"2021";"18 Painaminen ja tallenteiden jäljentäminen";"Käypiin hintoihin, miljoonaa euroa";0.225;0.521;0.002;0.802;22.807;0.749;2.193;5.137;69.427;0.544;4.506;3.348;2.680;0.958;3.791;3.746;11.867;5.072;4.389;0.427;0.441;1.564;0.515;25.094;0.062;3.382;5.597;14.804;36.434;20.782;1.792;2.002;1.632;13.364;6.274;10.771;170.527;23.706;67.644;79.246;1.136;1.445;2.673;3.682;0.093;27.421;2.994;7.474;2.907;2.047;1.441;1.282;0.912;4.109;14.235;23.018;13.110;10.842;12.812;37.785;2.093;0.299;0.557;0.001;803.189;8.976;.;0.074;9.050;7.390;3.181;10.571;35.079;20.373;14.706;30.111;65.190;84.811;888.000
"2021";"19 Koksin ja jalostettujen öljytuotteiden valmistus";"Käypiin hintoihin, miljoonaa euroa";36.516;69.020;6.959;54.665;30.141;1.126;1.486;9.146;1.261;364.475;61.544;2.429;5.497;19.675;31.514;6.255;8.366;0.939;7.611;1.225;7.038;0.536;1.993;53.910;0.289;6.771;118.916;6.149;24.131;7.739;442.257;49.981;26.112;16.565;4.706;2.073;1.739;0.152;1.692;4.934;11.585;1.805;3.574;4.909;0.063;2.237;7.739;0.795;0.272;3.894;5.628;2.312;1.421;17.114;19.028;9.769;8.305;10.498;3.013;5.824;6.269;0.028;1.592;.;1625.210;456.881;.;.;456.881;55.706;16.515;72.222;3205.002;1894.544;1310.459;1418.685;4623.687;5152.790;6778.000
"2021";"20 Kemikaalien ja kemiallisten tuotteiden valmistus";"Käypiin hintoihin, miljoonaa euroa";178.704;50.133;0.026;52.241;51.298;11.446;49.955;508.563;11.625;473.858;1658.360;22.186;86.464;52.718;100.733;59.083;32.876;11.185;29.646;28.570;18.981;10.975;4.917;14.694;1.032;63.078;272.990;7.546;15.268;11.373;1.542;0.732;0.625;33.689;0.711;5.337;3.956;1.600;2.127;11.253;2.361;0.924;1.138;1.664;0.085;9.821;15.306;0.768;1.521;3.835;50.152;1.445;0.046;17.813;16.222;3.745;34.931;5.910;2.174;3.433;5.913;0.567;12.104;0.162;4144.137;219.108;.;3.990;223.097;134.080;82.916;216.996;4422.257;2692.847;1729.410;2658.514;7080.770;7520.863;11665.000
"2021";"21 Lääkeaineiden ja lääkkeiden valmistus";"Käypiin hintoihin, miljoonaa euroa";1.505;0.168;0.007;0.514;3.220;0.302;3.401;5.023;0.175;0.413;10.893;16.725;0.574;0.719;4.278;1.032;3.675;1.141;3.354;0.466;1.195;0.427;0.977;1.814;0.046;0.418;8.093;0.734;3.758;2.962;0.404;0.217;0.157;1.810;0.183;1.805;1.106;0.495;0.652;2.772;0.574;0.241;0.276;0.530;0.026;2.012;1.775;0.203;0.314;5.099;1.172;0.329;0.012;0.764;7.095;5.006;298.989;24.304;0.386;0.403;0.327;0.082;0.262;0.002;437.793;117.435;.;212.190;329.626;211.872;-6.900;204.972;394.030;285.986;108.044;772.580;1166.610;1701.207;2139.000
"2021";"22 Kumi- ja muovituotteiden valmistus";"Käypiin hintoihin, miljoonaa euroa";1.317;0.708;0.024;8.825;133.287;17.504;38.789;22.214;4.210;19.297;37.599;17.617;89.633;18.679;19.437;28.226;19.322;24.002;44.442;12.134;12.903;19.905;14.888;19.509;0.285;3.301;598.159;8.425;32.919;6.579;15.777;1.415;0.332;21.056;0.746;6.991;2.698;1.423;2.545;7.091;1.508;1.026;1.083;1.539;0.113;3.816;8.903;0.715;1.059;4.281;12.885;1.603;0.026;3.142;13.194;3.738;11.523;3.481;2.155;3.104;1.543;2.389;10.425;0.129;1427.592;169.425;.;1.606;171.031;89.331;13.461;102.792;1075.449;586.085;489.365;657.136;1732.585;2006.408;3434.000
"2021";"23 Muiden ei-metallisten mineraalituotteiden valmistus";"Käypiin hintoihin, miljoonaa euroa";2.578;0.238;0.009;10.847;6.428;1.310;55.658;13.127;3.162;0.419;35.389;0.745;8.775;374.924;42.287;39.059;11.718;7.625;15.623;6.942;6.140;6.988;10.840;8.533;1.006;3.662;1777.103;21.812;16.298;8.279;2.908;0.615;0.502;3.623;0.883;3.210;2.733;1.248;2.306;8.888;1.627;0.722;1.009;2.047;0.084;6.721;10.533;0.912;0.893;6.309;3.965;2.294;0.034;5.758;8.700;1.352;4.316;1.036;0.730;0.770;0.904;0.244;7.115;0.002;2592.516;45.249;.;0.244;45.494;38.577;6.645;45.222;392.640;277.739;114.901;263.128;655.768;746.484;3339.000
"2021";"24 Metallien jalostus";"Käypiin hintoihin, miljoonaa euroa";6.972;0.600;0.010;4.557;16.000;1.548;18.026;70.148;0.787;8.739;92.378;0.990;28.324;88.990;1694.076;1392.209;23.196;174.966;300.930;72.149;84.714;21.286;19.256;10.396;0.139;16.393;57.087;2.883;12.532;12.258;1.460;0.599;0.574;7.871;0.582;3.682;2.457;0.391;1.501;7.023;1.712;0.577;0.641;2.394;0.314;5.680;4.543;0.407;0.597;2.274;2.631;1.090;0.045;5.085;3.604;1.050;2.531;1.127;0.574;0.697;0.867;0.182;0.370;0.004;4297.676;17.114;.;0.330;17.444;43.688;164.068;207.756;6607.053;4036.317;2570.736;2226.071;8833.125;9058.324;13356.000
"2021";"25 Metallituotteiden valmistus (pl. koneet ja laitteet)";"Käypiin hintoihin, miljoonaa euroa";2.548;0.682;0.587;9.593;69.121;2.201;67.098;39.257;1.321;6.322;16.699;1.616;16.957;47.340;953.383;775.170;43.031;226.217;1225.724;33.553;100.219;56.232;187.141;72.716;2.800;9.337;1494.244;6.282;24.942;13.972;6.126;10.368;0.864;39.275;2.323;9.646;7.102;1.557;5.206;16.536;3.184;1.810;2.370;3.308;0.191;10.900;21.353;2.373;2.682;12.529;9.938;4.741;0.071;11.088;65.961;6.368;7.136;3.067;2.318;3.485;2.208;1.383;4.828;0.011;5788.611;127.388;.;1.044;128.432;475.803;59.770;535.573;1280.992;713.287;567.705;887.392;2168.384;2832.389;8621.000
"2021";"26 Tietokoneiden sekä elektronisten ja optisten tuotteiden valmistus";"Käypiin hintoihin, miljoonaa euroa";1.379;1.416;0.061;8.884;41.396;4.581;22.827;45.698;5.512;7.296;47.068;6.393;14.410;16.180;45.273;52.740;453.701;40.739;155.022;17.152;16.813;8.293;37.933;37.950;1.667;8.645;98.730;27.694;129.878;97.271;59.041;4.397;10.006;69.525;14.592;29.340;90.211;35.403;100.783;542.682;50.369;18.907;18.865;34.560;1.415;85.424;154.424;25.621;51.694;41.139;34.547;32.669;3.002;86.463;202.286;43.330;107.716;43.518;21.727;19.700;9.374;2.126;12.751;0.030;3510.238;57.103;.;0.572;57.675;2261.105;27.271;2288.376;2398.767;1532.604;866.164;4030.944;6429.711;8775.762;12286.000
"2021";"27 Sähkölaitteiden valmistus";"Käypiin hintoihin, miljoonaa euroa";0.577;0.538;0.022;5.122;10.216;0.891;10.596;13.636;1.649;1.799;6.128;1.503;8.187;9.415;21.926;19.242;84.795;331.753;218.606;24.193;96.093;5.991;67.149;156.196;0.474;8.410;282.921;17.471;30.114;21.478;4.384;2.032;1.291;8.984;1.739;7.200;7.773;1.051;6.593;23.130;4.127;1.672;2.246;2.967;0.173;18.357;19.012;1.718;2.976;10.450;9.128;4.197;0.102;20.109;11.746;4.256;7.724;3.404;1.836;2.969;1.832;0.295;0.995;0.197;1653.757;63.701;.;0.672;64.372;513.987;28.125;542.113;1655.832;1067.013;588.819;1596.926;3252.758;3859.243;5513.000
"2021";"28 Muiden koneiden ja laitteiden valmistus";"Käypiin hintoihin, miljoonaa euroa";5.100;2.982;0.158;74.808;57.119;4.961;58.895;242.998;7.675;44.002;35.713;5.867;25.448;31.390;87.281;94.119;138.997;94.910;1115.168;51.207;48.978;20.385;243.153;134.509;22.414;16.270;430.758;21.883;145.371;82.125;22.612;5.689;4.568;45.193;9.888;30.426;97.198;10.424;23.581;78.156;11.589;5.922;8.425;9.624;0.886;33.016;107.993;5.171;5.296;49.108;40.123;21.959;0.541;36.362;48.729;11.934;22.968;8.528;9.921;7.520;10.380;1.734;6.075;0.034;4136.218;175.932;.;3.493;179.426;2398.020;42.590;2440.609;4032.995;2669.295;1363.701;6443.751;10476.747;13096.782;17233.000
"2021";"29 Moottoriajoneuvojen, perävaunujen ja puoliperävaunujen valmistus";"Käypiin hintoihin, miljoonaa euroa";1.002;0.297;0.007;1.042;2.622;0.416;3.290;7.577;0.176;0.339;22.237;0.318;1.804;1.094;7.483;3.930;5.248;4.674;321.663;61.157;10.142;0.726;3.388;4.343;0.082;0.479;19.740;13.826;4.838;3.430;4.344;0.243;0.206;9.492;0.287;1.753;1.118;0.293;0.843;3.052;0.612;0.263;0.329;0.572;0.032;1.982;3.259;0.216;0.324;1.515;2.457;0.658;0.015;0.760;1.735;0.498;2.008;0.491;0.351;0.383;0.387;0.075;0.269;0.003;548.197;49.944;.;0.336;50.280;149.631;5.010;154.641;923.490;636.070;287.419;470.393;1393.882;1598.803;2147.000
"2021";"30 Muiden kulkuneuvojen valmistus";"Käypiin hintoihin, miljoonaa euroa";0.014;0.064;0.116;1.250;1.291;0.288;1.036;1.585;0.121;0.141;0.672;0.357;0.846;0.625;3.163;12.912;4.379;3.709;7.482;4.516;590.126;1.318;0.900;1.609;0.028;0.230;17.267;1.689;5.440;3.615;1.458;9.651;0.234;1.362;0.396;1.078;0.840;0.091;0.971;2.663;0.471;0.242;0.322;0.601;0.044;1.546;4.153;0.277;0.245;2.395;1.822;1.024;0.016;0.724;2.528;0.526;0.682;0.498;0.159;0.204;0.359;0.060;0.293;0.005;704.729;194.361;.;0.012;194.374;110.801;223.932;334.734;1166.563;1041.459;125.104;193.601;1360.164;1889.271;2594.000
"2021";"31, 32 Muu valmistus ml. huonekalut";"Käypiin hintoihin, miljoonaa euroa";0.433;0.344;0.008;1.248;4.379;4.164;9.505;4.173;0.379;0.646;3.458;0.668;1.636;1.766;7.694;5.974;7.413;2.643;8.504;0.988;37.409;55.428;9.112;3.217;0.936;6.204;231.803;8.297;9.119;5.470;1.667;0.487;0.316;6.511;0.412;9.689;1.507;1.375;1.928;12.073;21.602;2.317;5.370;3.015;0.092;26.495;9.258;3.323;5.268;9.442;7.739;1.959;0.026;16.488;19.754;14.295;23.614;13.399;4.667;11.780;1.231;0.617;1.880;0.008;672.624;392.596;.;0.495;393.091;329.466;-4.122;325.344;222.918;129.251;93.667;356.023;578.940;1297.376;1970.000
"2021";"33 Koneiden ja laitteiden korjaus, huolto ja asennus";"Käypiin hintoihin, miljoonaa euroa";42.553;0.628;4.165;38.396;54.475;8.975;50.131;291.053;3.860;57.227;25.524;2.771;8.431;18.237;49.913;40.011;71.918;30.926;113.745;7.291;104.022;10.974;300.254;278.273;69.655;94.094;166.312;2.852;59.164;50.897;51.502;68.424;65.238;34.849;11.592;34.095;6.708;1.312;52.378;13.906;1.844;1.078;1.690;2.162;0.203;3.428;27.633;1.475;0.823;14.296;11.097;6.484;0.077;29.251;34.960;4.804;20.281;15.336;2.329;6.720;1.979;0.165;7.234;0.003;2592.080;56.328;.;-0.737;55.591;230.729;10.333;241.062;391.907;222.043;169.864;391.360;783.267;1079.920;3672.000
"2021";"35 Sähkö-, kaasu- ja lämpöhuolto, jäähdytysliiketoiminta";"Käypiin hintoihin, miljoonaa euroa";103.028;35.707;4.851;149.284;197.360;17.588;169.683;722.297;16.563;18.039;231.786;12.219;199.346;67.828;356.195;63.766;62.811;25.321;89.106;20.239;15.354;15.177;42.497;349.142;46.692;118.657;162.172;59.944;136.714;289.414;61.137;4.095;5.241;90.716;5.376;129.924;11.620;6.347;85.627;46.377;83.035;25.584;44.473;669.157;250.679;27.850;40.843;13.352;1.445;1.351;13.199;1.558;3.855;61.160;355.304;199.867;269.630;209.514;65.015;119.917;251.388;0.165;13.931;2.420;6969.933;3471.172;.;.;3471.172;205.392;2.844;208.236;134.521;84.581;49.940;57.138;191.659;3871.067;10841.000
"2021";"36 Veden otto, puhdistus ja jakelu";"Käypiin hintoihin, miljoonaa euroa";0.004;0.129;0.004;9.825;34.596;1.809;3.094;6.276;1.238;3.680;6.531;1.224;1.959;5.040;12.997;9.680;14.943;1.319;12.118;0.470;1.269;0.991;2.556;9.050;0.062;3.685;52.642;3.538;14.221;15.185;1.973;2.424;0.901;5.303;1.016;28.965;2.154;0.835;1.566;10.883;6.289;6.158;3.473;55.176;28.161;2.868;16.157;1.547;0.684;0.643;1.189;0.508;0.098;4.869;27.904;29.734;6.477;16.112;1.941;3.437;0.227;0.057;4.405;0.593;504.863;251.616;.;.;251.616;78.246;2.079;80.325;36.326;17.665;18.661;27.871;64.196;396.137;901.000
"2021";"37-39 Jäte- ja jätevesihuolto";"Käypiin hintoihin, miljoonaa euroa";0.680;0.124;0.005;53.108;58.443;3.737;10.072;67.295;2.474;3.938;21.328;4.070;6.339;12.984;186.947;37.376;37.089;6.298;63.124;2.111;4.904;2.474;13.130;208.810;39.835;701.437;124.327;8.012;42.407;73.699;5.778;6.251;2.488;10.009;2.740;75.045;2.430;1.066;2.923;33.980;11.320;5.853;10.284;261.839;149.666;2.702;115.067;4.588;0.824;0.840;7.516;1.007;0.179;118.340;123.435;23.990;50.971;37.086;3.877;11.175;14.354;0.433;7.347;0.001;2901.981;293.597;.;-0.012;293.584;63.984;10.485;74.470;173.079;106.998;66.082;144.885;317.964;686.019;3588.000
"2021";"F Rakentaminen (41-43)";"Käypiin hintoihin, miljoonaa euroa";117.758;0.857;0.011;56.489;30.465;2.432;7.800;21.065;2.167;30.833;12.809;1.295;7.271;6.931;29.257;9.212;20.689;6.398;25.921;1.011;0.861;5.874;4.684;453.921;86.304;201.050;4460.472;11.971;98.961;108.183;100.685;21.407;35.594;38.247;5.236;19.683;3.179;0.864;13.846;11.877;31.756;4.124;10.450;778.948;1035.669;5.435;3.215;4.732;0.551;0.360;9.377;0.260;0.392;112.633;669.732;94.109;37.971;42.166;8.466;12.875;0.530;0.116;4.315;0.003;8941.754;60.502;.;533.470;593.972;30754.442;84.040;30838.481;73.603;32.646;40.956;26.190;99.793;31532.246;40474.000
"2021";"45 Moottoriajoneuvojen ja moottoripyörien tukku- ja vähittäiskauppa sekä korjaus";"Käypiin hintoihin, miljoonaa euroa";102.691;49.956;0.010;0.436;5.639;0.461;17.666;6.463;0.370;0.381;1.099;0.524;20.038;6.564;11.846;3.612;12.171;7.008;90.075;0.522;2.730;2.699;3.532;3.541;0.079;8.442;48.231;772.371;133.994;31.740;1305.293;2.207;0.862;49.663;3.511;5.914;7.983;0.417;1.862;7.826;2.236;0.808;0.593;5.852;0.118;7.687;1.666;1.446;0.560;1.944;98.729;0.365;0.365;6.658;56.565;30.600;14.575;47.970;11.793;21.376;70.762;0.105;0.439;0.003;3113.645;2424.208;.;0.079;2424.286;473.392;1.591;474.982;114.272;73.234;41.039;65.814;180.086;3079.355;6193.000
"2021";"46 Tukkukauppa (pl. moottoriajoneuvojen ja moottoripyörien kauppa)";"Käypiin hintoihin, miljoonaa euroa";87.666;60.450;3.500;50.414;239.228;36.837;629.991;553.612;28.988;61.023;147.826;23.206;58.669;97.661;500.743;100.536;127.428;194.410;417.835;78.281;115.477;66.600;103.425;323.317;7.910;86.557;1559.330;81.638;230.861;146.070;179.109;48.700;29.387;151.387;8.421;248.107;245.445;58.172;59.439;241.235;58.678;27.201;34.828;53.058;2.275;171.111;149.920;23.317;46.704;51.168;45.048;9.915;1.599;174.806;152.988;72.149;338.163;79.353;75.496;67.274;43.693;15.839;45.300;0.506;9229.284;3186.063;.;81.806;3267.869;1595.614;-48.293;1547.322;1384.910;869.679;515.231;1291.615;2676.525;7491.716;16721.000
"2021";"47 Vähittäiskauppa (pl. moottoriajoneuvojen ja moottoripyörien kauppa)";"Käypiin hintoihin, miljoonaa euroa";13.094;19.709;1.325;11.016;21.864;1.602;9.121;19.169;1.669;1.385;4.581;2.148;3.650;3.839;38.894;7.604;42.307;4.731;17.976;1.872;1.366;3.002;3.364;10.924;0.106;1.547;262.160;18.312;102.055;75.345;97.368;3.248;3.639;28.382;2.761;25.720;12.370;1.854;6.886;37.357;14.617;4.410;3.725;19.699;5.167;27.918;9.661;6.604;1.983;0.919;3.864;1.717;1.053;12.339;33.011;15.593;13.021;18.986;4.990;6.255;5.790;1.417;2.458;2.029;1142.550;10834.021;.;493.812;11327.833;11.850;7.380;19.231;749.070;451.997;297.073;394.317;1143.387;12490.450;13633.000
"2021";"49 Maaliikenne ja putkijohtokuljetus";"Käypiin hintoihin, miljoonaa euroa";3.883;21.729;0.472;34.457;367.629;22.281;220.348;635.411;21.273;128.111;170.642;12.665;50.871;80.265;136.515;64.781;59.232;44.749;174.431;52.557;8.649;26.328;6.444;14.148;1.594;3.533;334.956;32.747;534.925;212.728;1178.753;7.903;3.117;342.165;264.647;41.358;57.492;3.115;9.289;21.658;53.027;32.836;36.326;15.489;1.670;25.209;11.727;24.863;0.751;5.111;22.222;4.063;0.845;11.398;536.211;200.756;205.845;213.219;34.259;62.019;57.049;2.413;119.148;0.009;7084.317;1541.973;.;240.888;1782.860;9.842;2.931;12.774;1244.019;703.963;540.056;662.030;1906.049;3701.683;10786.000
"2021";"50 Vesiliikenne";"Käypiin hintoihin, miljoonaa euroa";0.085;0.358;0.013;0.142;2.305;0.179;1.969;1.985;0.190;15.946;1.820;0.347;0.664;7.519;10.054;4.281;3.092;1.532;3.665;0.353;0.422;0.699;0.442;0.908;0.015;0.178;25.847;4.292;11.510;12.490;6.872;3.172;1.766;6.605;0.263;18.888;1.556;0.349;0.900;4.464;8.799;1.073;1.943;1.540;0.116;4.462;0.818;2.319;0.473;0.437;2.379;2.660;2.848;4.750;24.500;20.737;17.775;13.243;1.751;3.092;4.240;0.050;0.234;0.015;278.393;269.013;.;18.422;287.435;2.086;0.051;2.136;798.751;547.220;251.531;543.284;1342.035;1631.607;1910.000
"2021";"51 Ilmaliikenne";"Käypiin hintoihin, miljoonaa euroa";0.921;4.867;0.668;0.021;0.713;0.041;0.324;0.736;0.033;0.043;0.129;0.097;0.131;0.173;1.490;0.194;2.571;0.214;0.678;0.056;0.006;0.083;0.046;0.333;0.001;0.179;11.318;0.779;8.842;4.566;2.391;0.479;42.398;11.355;2.714;4.194;1.148;0.568;0.219;5.422;8.239;5.589;12.293;4.461;0.800;2.976;0.564;2.627;0.189;0.599;0.240;0.502;1.984;0.896;22.977;19.077;12.777;12.761;3.771;7.168;12.935;0.069;0.240;.;244.873;219.140;.;.;219.140;3.000;0.210;3.209;189.835;140.328;49.507;364.943;554.778;777.127;1022.000
"2021";"52 Varastointi ja liikennettä palveleva toiminta";"Käypiin hintoihin, miljoonaa euroa";3.933;2.936;0.136;46.801;318.594;26.312;253.415;754.214;24.953;43.525;191.539;16.056;68.839;90.679;175.336;95.153;122.572;78.719;277.412;65.423;12.064;37.200;7.256;25.571;3.556;101.692;63.754;91.590;826.935;193.101;180.779;47.432;83.141;2247.351;111.857;14.041;61.230;4.991;5.623;10.940;6.410;4.995;3.352;10.728;0.840;10.010;4.394;4.759;0.839;4.611;7.266;5.126;0.170;19.506;83.991;18.155;13.770;17.546;3.948;4.650;7.871;0.516;15.382;0.011;7035.495;175.228;.;78.003;253.231;23.805;18.323;42.128;521.159;323.959;197.200;444.987;966.146;1261.505;8297.000
"2021";"53 Posti- ja kuriiritoiminta";"Käypiin hintoihin, miljoonaa euroa";3.911;8.200;0.466;6.868;39.399;8.865;28.055;32.432;4.769;3.574;27.126;1.868;15.722;19.339;19.374;36.943;39.789;33.834;105.552;11.373;1.646;13.120;10.269;17.836;0.327;0.171;23.002;5.154;120.399;27.202;10.359;7.595;4.769;13.860;5.665;18.966;1.997;2.219;1.600;11.439;19.100;29.986;13.065;24.425;4.446;17.824;0.882;2.486;0.321;3.100;0.908;2.832;0.274;4.200;94.729;38.023;31.146;40.175;8.668;18.026;47.380;0.448;0.597;.;1148.097;94.439;.;.;94.439;19.008;3.749;22.758;137.532;61.693;75.839;27.174;164.706;281.903;1430.000
"2021";"I Majoitus- ja ravitsemistoiminta (55-56)";"Käypiin hintoihin, miljoonaa euroa";2.570;7.499;0.306;0.179;7.378;0.357;3.324;6.448;1.121;0.297;2.535;1.950;2.588;3.626;10.157;4.707;11.407;3.808;9.216;0.528;0.125;1.546;1.643;3.072;0.011;0.128;37.693;6.410;72.673;25.229;20.659;3.784;19.825;15.223;1.511;94.841;4.149;4.475;1.902;17.566;105.480;23.191;41.395;12.817;1.821;17.902;3.935;10.444;1.482;3.454;2.319;2.566;1.269;5.683;175.347;213.578;229.470;281.607;22.392;46.378;38.941;0.578;1.457;0.001;1655.972;5240.050;.;66.988;5307.038;4.788;1.594;6.382;64.874;37.359;27.514;10.735;75.608;5389.028;7045.000
"2021";"58 Kustannustoiminta";"Käypiin hintoihin, miljoonaa euroa";0.723;1.174;0.064;1.363;42.599;3.165;13.302;63.904;8.970;4.924;9.412;9.703;5.519;7.017;68.204;10.267;62.723;15.058;44.296;1.935;1.487;5.737;5.671;24.154;0.350;1.597;20.222;31.750;124.823;90.696;7.893;3.255;5.749;28.056;2.796;35.643;454.806;14.889;26.796;330.490;70.479;32.955;62.766;13.568;0.446;29.877;7.300;7.336;7.897;3.341;3.973;3.819;2.244;20.515;114.302;78.137;61.961;46.211;52.953;42.885;63.031;1.248;2.444;0.004;2320.878;861.549;.;0.572;862.121;678.396;21.593;699.989;706.275;559.150;147.125;1911.737;2618.011;4180.122;6501.000
"2021";"59, 60 Audiovisuaalinen toiminta";"Käypiin hintoihin, miljoonaa euroa";0.099;0.172;0.012;0.499;19.535;1.712;4.207;7.834;1.192;1.145;4.183;5.995;2.112;1.904;2.135;3.911;24.116;3.347;6.167;0.598;0.329;2.801;0.506;5.900;0.076;0.611;2.757;18.806;47.232;50.457;1.307;1.308;2.624;1.788;0.296;17.818;35.154;144.653;9.861;38.093;2.856;0.535;0.340;5.100;0.064;7.553;2.791;1.222;54.821;1.463;3.234;1.000;1.784;6.880;5.538;17.908;5.098;2.794;119.224;77.696;2.178;0.850;1.999;0.001;796.184;159.900;.;543.043;702.944;224.683;-2.773;221.910;71.606;34.340;37.267;34.356;105.962;1030.816;1827.000
"2021";"61 Televiestintä";"Käypiin hintoihin, miljoonaa euroa";2.398;5.767;0.201;4.576;31.296;3.455;17.659;16.056;3.638;2.571;26.034;1.322;11.740;11.039;15.626;23.174;20.599;19.685;64.129;5.253;1.352;7.195;7.435;38.877;0.062;1.171;39.798;6.686;49.426;36.664;21.033;5.655;7.566;15.539;0.993;84.754;5.812;25.670;492.353;70.220;64.813;64.637;83.858;41.768;17.668;33.422;3.507;6.058;0.962;6.153;15.656;12.032;0.578;19.733;224.092;103.381;102.900;121.022;37.091;51.287;89.365;0.318;0.809;0.006;2305.593;1780.617;.;0.293;1780.910;122.248;-0.521;121.727;119.683;55.920;63.763;80.087;199.770;2102.407;4408.000
"2021";"62, 63 Tietojenkäsittelypalvelu";"Käypiin hintoihin, miljoonaa euroa";6.519;2.654;0.114;4.619;50.627;3.965;19.674;82.488;7.310;11.307;30.640;7.406;12.906;16.237;64.531;35.757;211.747;25.820;165.474;5.528;9.831;7.550;40.195;65.257;1.183;8.544;51.921;39.280;207.758;173.332;59.098;5.272;20.048;65.076;12.748;53.458;210.065;36.284;62.934;1014.902;165.252;47.310;93.607;69.532;3.092;79.371;66.683;32.527;33.595;26.686;22.506;25.714;3.844;79.217;546.951;91.535;250.577;80.415;64.642;27.852;25.816;1.178;19.451;0.004;4767.422;40.386;.;33.549;73.935;1408.994;19.150;1428.145;2531.601;1608.139;923.463;5055.896;7587.497;9089.578;13857.000
"2021";"64 Rahoituspalvelut (pl. vakuutus- ja eläkevakuutustoiminta)";"Käypiin hintoihin, miljoonaa euroa";57.331;37.702;1.289;15.692;64.240;12.548;30.294;54.835;6.793;4.293;27.378;3.571;29.891;29.338;27.028;62.507;42.545;44.260;129.643;13.600;8.503;16.381;22.482;257.556;10.319;10.607;93.712;17.837;88.900;242.990;25.506;18.967;18.276;60.131;12.544;89.071;17.439;5.780;18.583;76.849;443.056;258.349;559.258;813.642;876.200;113.639;14.201;5.093;1.560;5.588;18.642;5.551;1.236;20.017;140.394;80.186;111.272;85.216;12.742;29.440;46.015;0.377;1.973;0.007;5450.864;2299.313;.;.;2299.313;151.000;2.960;153.960;362.511;129.561;232.950;123.352;485.863;2939.136;8390.000
"2021";"65 Vakuutus-, jälleenvakuutus- ja eläkevakuutustoiminta (pl. pakollinen sosiaalivakuutus)";"Käypiin hintoihin, miljoonaa euroa";13.683;3.210;0.133;4.917;19.013;5.165;14.564;14.605;1.948;3.161;17.755;1.268;12.050;10.732;9.568;22.675;18.006;19.785;56.615;6.112;0.777;7.239;7.100;10.044;0.190;0.295;13.397;6.177;25.786;8.287;6.609;5.372;4.747;0.999;0.425;3.278;0.700;0.715;1.413;5.114;24.677;49.784;19.462;124.986;121.803;7.724;0.502;2.954;0.084;2.645;30.777;0.520;0.075;1.108;37.391;21.417;32.989;26.954;3.855;7.214;14.763;0.076;0.078;.;895.465;2323.236;.;.;2323.236;82.000;2.133;84.133;72.576;57.184;15.392;37.591;110.167;2517.535;3413.001
"2021";"66 Rahoitusta ja vakuuttamista palveleva toiminta";"Käypiin hintoihin, miljoonaa euroa";2.155;5.183;0.250;8.235;43.816;10.404;25.033;38.674;4.226;3.526;47.414;2.602;22.889;19.905;23.073;37.722;30.168;40.721;112.275;12.544;1.774;18.652;12.466;15.969;0.385;0.029;16.325;5.755;102.137;59.017;13.314;7.974;20.040;7.211;2.076;26.294;2.301;2.204;5.311;20.502;1797.691;154.176;206.711;29.597;2.510;25.571;0.358;1.155;0.388;0.569;6.134;3.113;0.545;3.762;25.630;3.272;23.577;12.746;8.810;6.318;24.712;0.293;0.329;.;3168.518;485.816;.;.;485.816;68.000;2.666;70.666;.;.;.;.;.;556.482;3725.000
"2021";"68 pl. 68202 Kiinteistöalan toiminta pl. asuntojen ja asuinkiinteistöjen hallinta";"Käypiin hintoihin, miljoonaa euroa";1.135;12.482;0.381;16.361;89.511;12.643;17.179;17.743;27.107;1.827;23.825;5.101;24.552;9.358;24.499;78.887;33.859;16.612;57.166;13.840;23.722;28.837;38.942;62.175;1.151;36.665;86.476;246.453;415.721;987.793;124.482;35.813;46.843;259.294;22.356;415.944;44.590;37.075;131.014;129.435;57.043;46.147;24.057;401.812;27.071;107.391;134.328;85.157;12.038;14.751;32.637;25.205;4.368;120.793;406.824;249.801;178.435;356.800;74.653;67.907;54.881;9.922;52.734;0.411;6204.013;7811.591;0.366;662.634;8474.591;683.186;7.565;690.751;10.134;4.667;5.467;3.512;13.645;9178.987;15383.000
"2021";"68202 Asuntojen ja asuinkiinteistöjen hallinta";"Käypiin hintoihin, miljoonaa euroa";0.013;0.244;0.007;0.329;1.766;0.253;0.328;0.315;0.546;0.034;0.474;0.099;0.490;0.182;0.402;1.582;0.585;0.327;1.118;0.276;0.478;0.578;0.784;1.234;0.023;0.739;1.657;4.958;7.964;19.836;2.508;0.716;0.927;5.225;0.448;8.384;0.881;0.740;2.639;2.568;1.194;0.907;0.475;6.330;0.196;2.111;2.727;1.852;0.239;0.289;0.655;0.523;0.088;2.433;8.622;5.268;3.551;7.306;1.540;1.364;1.110;0.200;1.065;0.009;122.710;22060.143;.;.;22060.143;.;0.147;0.147;.;.;.;.;.;22060.290;22183.000
"2021";"69, 70 Liikkeenjohdon palvelut";"Käypiin hintoihin, miljoonaa euroa";3.074;11.645;0.694;10.890;152.266;15.450;57.666;109.088;8.854;7.320;34.751;21.281;37.367;33.453;145.410;57.968;278.993;63.642;175.700;17.518;4.907;26.157;16.337;77.514;0.565;1.367;176.829;87.570;436.355;396.523;15.330;19.267;22.425;151.350;10.529;109.699;126.255;8.547;34.621;215.661;68.462;46.520;49.897;338.425;57.372;1318.123;14.427;36.600;164.693;13.876;35.501;26.992;1.776;56.060;415.726;40.683;75.939;56.249;18.629;34.879;51.895;1.488;4.056;0.002;6109.107;114.026;.;-3.981;110.045;112.214;11.139;123.354;1156.804;577.922;578.882;772.691;1929.494;2162.893;8272.000
"2021";"71 Arkkitehti- ja insinööripalvelut; tekninen testaus ja analysointi";"Käypiin hintoihin, miljoonaa euroa";9.243;0.329;0.009;83.304;7.073;0.647;135.231;12.513;0.615;0.381;26.670;7.223;5.175;12.283;30.517;75.898;116.025;6.405;178.117;2.931;134.033;1.738;52.748;67.070;3.953;5.462;2536.825;9.583;48.560;31.053;15.559;6.698;3.708;14.891;4.668;16.565;3.731;0.884;5.672;57.425;1.873;0.943;1.065;10.532;0.138;4.573;901.718;44.444;2.235;3.421;18.724;8.490;0.230;12.594;548.017;28.741;14.488;7.018;3.395;2.443;1.008;0.181;0.936;0.007;5348.630;208.945;.;94.215;303.160;393.635;27.011;420.646;343.053;183.074;159.979;491.510;834.564;1558.370;6907.000
"2021";"72 Tieteellinen tutkimus ja kehittäminen";"Käypiin hintoihin, miljoonaa euroa";1.739;0.145;0.004;0.113;1.607;0.127;1.029;8.982;0.105;0.122;0.606;15.855;0.316;0.913;3.055;0.680;460.903;18.045;2.524;0.273;0.135;0.266;0.215;1.058;0.009;0.123;1.707;0.804;3.588;4.429;1.236;0.282;0.202;1.846;0.280;1.644;0.683;0.207;0.373;67.647;0.772;0.514;0.579;1.433;0.184;2.100;0.469;9.819;0.156;0.367;0.195;0.105;0.015;0.435;6.691;15.785;3.198;4.173;0.772;1.335;4.287;0.031;0.382;0.001;657.677;16.239;24.634;1001.554;1042.427;596.103;0.307;596.410;168.403;126.910;41.493;197.083;365.487;2004.323;2662.000
"2021";"73 Mainostoiminta ja markkinatutkimus";"Käypiin hintoihin, miljoonaa euroa";0.524;0.471;0.022;1.510;54.614;4.856;13.806;23.274;1.272;3.458;11.906;16.934;5.737;5.442;4.893;10.362;64.474;7.310;16.752;1.795;1.378;8.014;1.527;17.028;0.243;1.870;13.824;53.444;132.871;147.983;3.071;3.493;7.118;3.773;0.636;30.055;117.536;6.091;25.193;96.947;9.270;1.313;0.906;13.312;0.179;19.403;7.193;2.253;16.885;4.323;4.913;3.867;2.216;17.939;5.382;7.414;14.569;4.139;6.529;13.635;1.555;2.264;2.415;0.003;1083.384;17.765;.;0.495;18.261;30.864;3.446;34.310;146.184;87.935;58.249;91.860;238.045;290.616;1374.000
"2021";"74, 75 Muut liike-elämän palvelut ja eläinlääkintä";"Käypiin hintoihin, miljoonaa euroa";27.908;12.679;0.134;0.084;2.114;0.150;1.424;2.864;3.812;0.190;0.459;0.214;0.364;3.278;4.803;0.634;49.859;0.784;2.358;0.195;0.247;0.292;0.232;5.599;0.169;0.316;34.054;2.584;182.329;22.996;3.811;2.394;2.712;2.958;3.575;9.198;4.779;7.990;65.375;38.622;31.657;18.601;22.555;12.600;2.661;7.523;1.245;4.575;22.769;179.076;117.538;79.956;23.276;117.907;83.385;14.671;13.467;4.830;3.728;5.975;30.532;0.111;0.230;.;1303.406;411.646;0.003;26.525;438.175;16.485;1.093;17.578;17.384;10.033;7.352;19.457;36.842;492.594;1796.000
"2021";"77 Vuokraus- ja leasingtoiminta";"Käypiin hintoihin, miljoonaa euroa";12.516;0.909;0.022;2.879;31.532;4.118;13.713;21.241;8.566;0.725;19.708;2.737;8.051;6.424;6.723;13.855;12.999;13.075;29.901;6.220;4.975;7.702;15.003;30.588;0.208;8.745;680.386;42.071;80.655;231.030;232.083;5.867;8.908;60.261;8.990;67.984;8.632;7.356;22.511;29.226;25.052;10.454;1.331;38.812;0.181;18.676;20.797;4.808;2.088;4.806;16.858;4.292;0.849;30.190;77.240;6.342;39.838;48.505;13.261;7.357;2.746;1.639;54.189;0.001;2199.410;153.146;.;0.208;153.354;24.102;0.783;24.885;64.243;43.626;20.617;127.108;191.351;369.590;2569.000
"2021";"78 Työllistämistoiminta";"Käypiin hintoihin, miljoonaa euroa";0.834;1.556;0.085;0.121;66.834;11.014;46.472;8.211;4.916;0.260;9.037;23.674;31.116;56.766;31.793;101.047;39.831;28.203;87.509;18.629;8.993;19.357;8.510;19.899;1.029;10.021;409.847;35.473;284.496;219.431;45.554;26.796;7.282;165.031;58.334;233.022;29.452;1.213;68.416;170.278;4.946;5.920;5.494;9.528;1.545;8.967;14.026;7.270;1.193;13.090;98.932;243.401;1.006;45.673;86.766;17.637;189.924;124.717;5.889;4.434;5.386;3.258;49.411;.;3338.754;9.531;.;233.409;242.940;25.001;5.717;30.719;6.994;3.264;3.730;2.594;9.588;283.246;3622.000
"2021";"79 Matkatoimistojen ja matkanjärjestäjien toiminta; varauspalvelut";"Käypiin hintoihin, miljoonaa euroa";0.054;1.053;0.042;0.016;0.427;0.026;0.198;0.465;0.018;0.027;0.077;0.042;0.066;0.070;0.956;0.120;1.039;0.094;0.394;0.033;0.007;0.046;0.032;0.214;0.001;0.120;2.215;0.332;1.669;1.575;1.123;0.145;0.584;0.962;0.487;1.457;0.516;0.041;0.262;1.743;15.572;1.418;2.480;1.143;0.071;2.739;0.685;3.578;0.048;0.101;0.194;0.416;53.985;0.459;20.416;10.162;9.118;6.050;1.418;2.190;3.424;0.007;0.043;.;154.464;62.287;.;.;62.287;.;0.039;0.039;2.758;1.438;1.321;2.452;5.210;67.536;222.000
"2021";"80-82 Muut tukipalvelut";"Käypiin hintoihin, miljoonaa euroa";6.519;11.005;0.522;9.075;62.855;8.862;26.539;31.088;9.290;3.655;36.139;7.140;21.251;36.977;21.688;46.241;52.110;32.843;77.044;9.122;6.271;18.245;14.011;55.629;4.225;14.028;401.689;82.956;518.710;325.551;37.302;22.653;28.944;82.548;6.754;131.615;64.413;14.001;76.591;66.000;67.844;40.833;39.558;692.535;395.473;39.767;27.524;25.759;4.700;139.356;255.860;217.309;1.805;943.940;450.385;230.155;267.842;255.594;32.937;51.628;56.330;2.376;12.158;0.005;6733.776;227.781;.;138.132;365.914;34.603;6.362;40.964;71.507;44.328;27.179;69.839;141.346;548.224;7282.000
"2021";"84 Julkinen hallinto ja maanpuolustus; pakollinen sosiaalivakuutus";"Käypiin hintoihin, miljoonaa euroa";7.770;32.639;0.611;14.546;84.740;17.471;46.126;68.135;15.021;3.884;43.488;6.274;43.596;49.417;39.901;91.324;75.045;58.038;167.666;16.627;2.472;29.825;21.178;44.322;0.519;1.714;94.854;10.614;102.507;65.517;50.044;12.106;19.509;47.825;3.928;30.381;5.850;4.520;7.286;57.753;71.634;37.911;32.002;87.467;43.818;30.588;8.536;5.055;0.672;2.054;4.534;7.166;0.599;16.080;103.769;61.277;126.640;149.943;16.464;31.249;71.164;0.576;1.439;0.008;2405.688;930.991;56.702;16950.143;17937.836;177.000;8.040;185.040;59.254;35.143;24.112;58.182;117.436;18240.312;20646.000
"2021";"85 Koulutus";"Käypiin hintoihin, miljoonaa euroa";0.492;1.251;0.033;0.603;4.924;0.368;0.875;0.979;0.243;0.098;5.195;7.088;1.589;11.421;12.139;4.710;138.797;9.797;19.381;2.045;0.263;1.315;0.494;4.444;0.003;0.245;4.366;1.404;6.428;12.125;16.980;1.805;0.391;3.880;2.995;6.045;0.958;1.069;0.768;11.074;5.167;5.963;7.777;5.793;2.765;5.935;2.616;134.986;0.313;1.063;0.369;0.524;0.038;1.107;100.680;475.873;44.694;62.168;10.545;20.209;70.652;0.044;0.227;0.001;1258.591;465.266;790.000;11545.174;12800.440;1642.576;5.166;1647.741;9.714;6.369;3.345;11.514;21.228;14469.409;15728.000
"2021";"86 Terveyspalvelut";"Käypiin hintoihin, miljoonaa euroa";0.016;0.455;0.006;0.210;3.651;0.260;1.586;3.428;0.268;0.223;0.705;0.336;0.602;0.595;7.178;1.231;8.424;0.815;3.301;0.321;0.182;0.491;0.437;1.977;0.014;0.406;1.758;2.533;14.873;13.532;3.050;1.906;1.549;7.579;1.672;4.296;2.392;0.339;1.521;19.198;21.899;5.396;12.173;3.119;0.408;5.027;2.090;8.257;0.456;2.020;0.605;1.826;0.086;2.700;97.991;79.341;2016.436;10.450;5.708;8.252;2.161;0.076;0.370;0.003;2400.165;3537.443;77.282;14698.209;18312.934;29.268;-0.739;28.529;31.635;13.870;17.766;12.737;44.373;18385.835;20786.000
"2021";"87, 88  Sosiaalipalvelut";"Käypiin hintoihin, miljoonaa euroa";0.024;0.381;0.011;0.492;3.098;0.396;0.727;1.039;0.806;0.085;0.772;0.197;0.785;0.354;1.837;2.411;2.190;0.590;2.106;0.439;0.695;0.889;1.161;2.054;0.034;1.069;2.592;7.349;12.890;29.904;3.673;1.102;1.401;8.034;0.685;12.488;1.521;1.086;3.873;4.426;2.076;1.400;0.795;9.290;0.292;3.826;3.965;2.694;0.396;0.430;1.000;0.778;0.131;3.589;12.689;7.798;26.262;232.218;2.262;2.042;1.704;0.293;1.542;0.013;433.152;2163.733;441.013;11483.985;14088.731;12.000;0.264;12.264;2.880;1.341;1.539;0.973;3.853;14104.848;14538.000
"2021";"90-92 Kulttuuritoiminta ja rahapelit";"Käypiin hintoihin, miljoonaa euroa";0.001;0.104;0.005;0.065;2.523;0.096;1.232;2.180;0.455;0.092;0.985;0.632;0.944;1.256;3.866;1.898;4.035;1.153;3.911;0.120;0.070;0.559;0.720;1.235;0.004;0.053;2.504;2.076;44.629;6.152;0.818;8.092;0.290;2.925;0.328;16.860;1.247;2.513;0.588;4.914;0.570;0.185;0.246;1.814;0.025;5.156;1.215;0.817;0.627;0.517;0.747;0.510;0.032;1.041;14.317;30.681;8.473;8.578;10.075;4.461;0.185;0.019;0.372;0.001;212.791;890.081;329.000;731.842;1950.923;210.087;48.425;258.512;21.621;5.437;16.184;21.153;42.774;2252.209;2465.000
"2021";"93 Urheilutoiminta sekä huvi- ja virkistyspalvelut";"Käypiin hintoihin, miljoonaa euroa";0.350;2.134;0.084;0.091;3.319;0.164;1.394;2.348;0.557;0.125;1.273;0.939;1.104;1.413;3.423;2.355;4.477;1.311;4.326;0.137;0.100;0.742;0.885;1.464;0.007;0.106;10.271;3.462;22.678;10.163;14.710;0.613;0.752;3.437;1.351;35.468;2.847;0.549;1.241;8.237;7.894;3.984;4.263;4.680;0.396;7.120;1.838;1.498;0.809;0.786;1.004;0.818;0.090;1.965;12.291;34.410;9.047;5.077;7.955;138.370;5.237;0.082;1.220;0.002;401.245;1442.022;243.000;916.912;2601.934;.;0.329;0.329;12.987;7.225;5.762;4.506;17.493;2619.755;3021.000
"2021";"94 Järjestöjen toiminta";"Käypiin hintoihin, miljoonaa euroa";1.323;4.369;0.152;1.273;7.626;0.973;1.582;1.850;1.928;0.174;2.877;1.995;2.098;3.291;3.310;6.491;5.270;3.452;8.664;1.445;1.697;2.316;2.808;5.466;0.081;2.580;26.686;18.468;53.734;88.237;21.728;4.500;5.476;21.107;4.123;51.078;5.101;3.899;10.208;37.487;34.442;18.856;27.912;29.937;2.008;39.605;10.653;38.137;1.015;2.229;2.802;6.219;0.464;11.547;68.163;88.845;31.298;42.039;9.818;27.057;31.409;0.746;3.812;0.031;955.967;383.666;2560.000;0.503;2944.169;25.233;1.539;26.772;5.036;2.840;2.196;4.055;9.091;2980.033;3936.000
"2021";"95 Tietokoneiden, henkilökohtaisten ja kotitaloustavaroiden korjaus";"Käypiin hintoihin, miljoonaa euroa";2.243;2.717;0.012;0.026;2.474;0.208;0.666;0.653;0.149;0.284;1.268;0.343;0.480;0.974;0.654;1.041;1.036;0.619;1.236;0.157;0.384;0.325;1.297;0.461;0.043;0.106;1.240;0.078;62.602;0.442;0.017;0.046;0.096;0.135;0.014;0.212;0.117;0.010;0.016;13.755;2.871;0.922;0.456;6.156;2.719;1.353;4.503;3.450;0.026;0.051;0.041;0.013;0.615;1.787;13.629;2.657;1.838;2.115;0.732;1.305;0.808;2.218;0.026;0.004;148.929;197.849;.;0.885;198.734;8.994;0.624;9.618;1.849;1.049;0.801;0.870;2.719;211.071;360.000
"2021";"96 Muut henkilökohtaiset palvelut";"Käypiin hintoihin, miljoonaa euroa";0.006;0.017;0.684;0.005;0.122;0.045;0.052;0.087;0.016;0.012;0.267;0.019;0.061;0.025;0.240;0.392;1.117;0.062;0.413;0.016;0.029;0.015;0.197;0.059;.;0.012;1.472;0.133;0.609;0.617;0.064;0.020;0.015;0.231;0.042;62.280;0.516;0.698;0.243;0.941;0.087;0.061;0.054;1.191;0.030;0.333;0.527;0.247;0.010;1.246;0.495;0.011;0.001;1.013;31.813;43.565;121.785;75.841;5.194;10.845;0.063;0.003;65.515;0.013;431.793;1384.608;.;-6.900;1377.708;.;0.150;0.150;19.719;14.686;5.033;66.631;86.350;1464.208;1896.001
"2021";"97, 98 Kotitalouspalvelut";"Käypiin hintoihin, miljoonaa euroa";.;.;.;.;.;.;.;.;.;.;.;.;.;.;.;.;.;.;.;.;.;.;.;.;.;.;.;.;.;.;.;.;.;.;.;.;.;.;.;.;.;.;.;.;.;.;.;.;.;.;.;.;.;.;.;.;.;.;.;.;.;.;.;.;.;335.000;.;.;335.000;.;.;.;.;.;.;.;.;335.000;335.000
"2021";"P1_USE Kotimaisten tuotteiden käyttö yhteensä perushintaan";"Käypiin hintoihin, miljoonaa euroa";2449.735;1726.823;99.757;1194.109;7456.940;356.779;5249.134;9359.681;403.386;1365.292;3698.371;338.299;1076.563;1633.334;5875.186;3741.360;3360.420;1852.745;6396.960;713.992;1544.830;701.766;1407.236;3664.224;314.969;1667.995;20353.845;2057.316;6292.065;5003.251;4532.316;543.910;589.866;4562.015;642.726;3489.017;2003.759;510.742;1593.061;4110.971;3561.198;1101.446;1556.518;4893.176;3054.536;2702.978;2109.771;659.870;510.832;751.594;1191.150;814.003;124.106;2526.145;6636.061;3094.918;5789.405;3107.080;864.538;1201.979;1331.458;69.427;578.347;6.960;172172.241;88255.292;4522.000;60799.097;153576.389;47459.632;922.297;48381.929;47975.981;30681.098;17294.883;44697.460;92673.442;294631.759;466804.001
"2021";"P7_USE Tuontituotteiden käyttö yhteensä";"Käypiin hintoihin, miljoonaa euroa";555.957;278.092;15.568;321.770;2056.479;330.713;881.382;2547.019;136.498;5036.383;5175.516;297.642;1215.612;651.544;5730.745;1873.614;3890.776;1833.206;4579.867;713.328;566.829;559.266;656.145;1751.502;55.186;373.941;4413.731;1048.219;1651.634;1254.885;923.720;799.207;496.081;1150.326;123.647;811.164;1244.974;243.524;407.506;2544.173;530.932;241.018;366.017;471.190;162.577;1097.533;744.506;180.623;188.421;207.209;258.962;74.410;44.281;735.460;1400.697;451.451;1929.906;502.485;209.108;265.695;212.952;68.189;198.184;2.992;69742.168;13689.144;.;695.556;14384.700;8899.178;-30.714;8868.464;3968.128;2767.069;1201.059;2356.285;6324.413;29577.578;99319.746
"2021";"PUR_S2 Suomalaisten kotitalouksien ostot ulkomailla";"Käypiin hintoihin, miljoonaa euroa";.;.;.;.;.;.;.;.;.;.;.;.;.;.;.;.;.;.;.;.;.;.;.;.;.;.;.;.;.;.;.;.;.;.;.;.;.;.;.;.;.;.;.;.;.;.;.;.;.;.;.;.;.;.;.;.;.;.;.;.;.;.;.;.;.;919.000;.;.;919.000;.;.;.;.;.;.;.;.;919.000;919.000
"2021";"PUR_F Ulkomaisten kotitalouksien ostot Suomessa";"Käypiin hintoihin, miljoonaa euroa";.;.;.;.;.;.;.;.;.;.;.;.;.;.;.;.;.;.;.;.;.;.;.;.;.;.;.;.;.;.;.;.;.;.;.;.;.;.;.;.;.;.;.;.;.;.;.;.;.;.;.;.;.;.;.;.;.;.;.;.;.;.;.;.;.;-1362.000;.;.;-1362.000;.;.;.;972.746;699.876;272.869;389.254;1362.000;.;.
"2021";"CIF_FOB Cif/Fob-korjaus, vakuutus- ja rahtitulo";"Käypiin hintoihin, miljoonaa euroa";.;.;.;.;.;.;.;.;.;.;.;.;.;.;.;.;.;.;.;.;.;.;.;.;.;.;.;.;.;.;.;.;.;.;.;.;.;.;.;.;.;.;.;.;.;.;.;.;.;.;.;.;.;.;.;.;.;.;.;.;.;.;.;.;.;.;.;.;.;.;.;.;-597.709;-441.133;-156.576;-465.037;-1062.746;-1062.746;-1062.746
"2021";"D21N Tuoteverot miinus tuotetukipalkkiot";"Käypiin hintoihin, miljoonaa euroa";98.308;102.085;0.675;46.120;-295.419;5.508;19.484;63.300;2.116;57.325;46.112;2.059;24.825;15.122;33.070;21.026;13.804;19.049;54.173;6.680;14.340;7.969;8.619;335.274;4.845;19.065;782.425;24.465;88.301;56.864;727.964;5.884;37.053;53.659;6.627;182.819;2.267;16.733;20.432;98.856;600.870;217.536;306.464;205.635;557.886;31.489;18.723;49.507;3.747;9.196;26.888;10.587;2.614;98.394;1448.242;621.631;1148.690;695.435;98.354;181.326;395.590;2.384;18.469;3.048;9582.590;19233.564;.;213.347;19446.911;4391.190;22.417;4413.607;9.854;6.090;3.764;4.038;13.892;23874.410;33457.000
"2021";"FIMUSE_OH Välituotekäyttö/loppukäyttö yhteensä ostajanhintaan";"Käypiin hintoihin, miljoonaa euroa";3104.000;2107.000;116.000;1561.999;9218.000;693.000;6150.000;11970.000;542.000;6459.000;8919.999;638.000;2317.000;2300.000;11639.001;5636.000;7265.000;3705.000;11031.000;1434.000;2125.999;1269.001;2072.000;5751.000;375.000;2061.001;25550.001;3130.000;8032.000;6315.000;6184.000;1349.001;1123.000;5766.000;773.000;4483.000;3251.000;770.999;2020.999;6754.000;4693.000;1560.000;2228.999;5570.001;3774.999;3832.000;2873.000;890.000;703.000;967.999;1477.000;899.000;171.001;3359.999;9485.000;4168.000;8868.001;4305.000;1172.000;1649.000;1940.000;140.000;795.000;13.000;251496.999;120735.000;4522.000;61708.000;186965.000;60750.000;914.000;61664.000;52329.000;33713.000;18615.999;46982.000;99311.001;347940.001;599437.001
"2021";"D1K Palkansaajakorvaukset, menona";"Käypiin hintoihin, miljoonaa euroa";427.000;557.000;27.000;403.000;1826.000;244.000;965.000;1321.000;249.000;244.000;894.000;329.000;689.000;679.000;795.000;2004.000;1637.000;981.000;3130.000;446.000;407.000;501.000;1209.000;944.000;130.000;578.000;9677.000;2017.000;5045.000;4837.000;2947.000;394.000;208.000;1640.000;529.000;2131.000;1343.000;530.000;734.000;5322.000;1762.000;591.000;788.000;1269.000;.;3146.000;3108.000;1166.000;506.000;556.000;318.000;2756.000;109.000;3256.000;7233.000;8942.000;9845.000;9593.000;855.000;955.000;1727.000;102.000;324.000;229.000;118106.000;.;.;.;.;.;.;.;.;.;.;.;.;.;.
"2021";"D29N Muut tuotantoverot miinus muut tuotantotukipalkkiot";"Käypiin hintoihin, miljoonaa euroa";-1549.000;-14.000;-8.000;2.000;-27.000;-8.000;-8.000;-76.000;-5.000;1.000;-22.000;-3.000;-5.000;1.000;6.000;-30.000;-35.000;-8.000;-51.000;-8.000;-49.000;-13.000;-9.000;74.000;2.000;7.000;-39.000;.;-43.000;-45.000;-18.000;-111.000;-5.000;2.000;.;-270.000;-9.000;-43.000;-11.000;-85.000;342.000;1.000;-3.000;709.000;750.000;-32.000;-39.000;-28.000;-18.000;-33.000;-6.000;-27.000;-48.000;-24.000;5.000;-23.000;-15.000;1.000;-56.000;-84.000;22.000;.;-16.000;.;-1134.000;.;.;.;.;.;.;.;.;.;.;.;.;.;.
"2021";"P51CK Kiinteän pääoman kuluminen, menona";"Käypiin hintoihin, miljoonaa euroa";1290.000;480.000;9.000;349.000;564.000;45.000;274.000;912.000;81.000;275.000;532.000;315.000;184.000;233.000;403.000;349.000;2497.000;345.000;1059.000;117.000;102.000;105.000;121.000;1995.000;251.000;397.000;1115.000;240.000;987.000;694.000;863.000;212.000;253.000;518.000;82.000;266.000;384.000;368.000;775.000;1054.000;377.000;156.000;70.000;7296.000;8124.000;238.000;334.000;824.000;40.000;52.000;331.000;47.000;23.000;330.000;3923.000;2585.000;909.000;431.000;314.000;432.000;219.000;11.000;74.000;.;48235.000;.;.;.;.;.;.;.;.;.;.;.;.;.;.
"2021";"B13N Toimintaylijäämä / sekatulo, netto";"Käypiin hintoihin, miljoonaa euroa";1491.000;2554.000;107.000;295.000;562.000;170.000;1001.000;1119.000;21.000;-201.000;1341.000;860.000;249.000;126.000;513.000;662.000;922.000;490.000;2064.000;158.000;8.000;108.000;279.000;2077.000;143.000;545.000;4171.000;806.000;2700.000;1832.000;810.000;66.000;-557.000;371.000;46.000;435.000;1532.000;201.000;889.000;812.000;1216.000;1105.000;641.000;539.000;9534.000;1088.000;631.000;-190.000;143.000;253.000;449.000;-53.000;-33.000;360.000;.;56.000;1179.000;208.000;180.000;69.000;28.000;107.000;719.000;93.000;50100.000;.;.;.;.;.;.;.;.;.;.;.;.;.;.
"2021";"B1GPH Bruttoarvonlisäys perushintaan";"Käypiin hintoihin, miljoonaa euroa";1659.000;3577.000;135.000;1049.000;2925.000;451.000;2232.000;3276.000;346.000;319.000;2745.000;1501.000;1117.000;1039.000;1717.000;2985.000;5021.000;1808.000;6202.000;713.000;468.000;701.000;1600.000;5090.000;526.000;1527.000;14924.000;3063.000;8689.000;7318.000;4602.000;561.000;-101.000;2531.000;657.000;2562.000;3250.000;1056.000;2387.000;7103.000;3697.000;1853.000;1496.000;9813.000;18408.000;4440.000;4034.000;1772.000;671.000;828.000;1092.000;2723.000;51.000;3922.000;11161.000;11560.000;11918.000;10233.000;1293.000;1372.000;1996.000;220.000;1101.000;322.000;215307.000;.;.;.;.;.;.;.;.;.;.;.;.;.;.
"2021";"P1R Tuotos perushintaan";"Käypiin hintoihin, miljoonaa euroa";4763.000;5684.000;251.000;2611.000;12143.000;1144.000;8382.000;15246.000;888.000;6778.000;11665.000;2139.000;3434.000;3339.000;13356.000;8621.000;12286.000;5513.000;17233.000;2147.000;2594.000;1970.000;3672.000;10841.000;901.000;3588.000;40474.000;6193.000;16721.000;13633.000;10786.000;1910.000;1022.000;8297.000;1430.000;7045.000;6501.000;1827.000;4408.000;13857.000;8390.000;3413.000;3725.000;15383.000;22183.000;8272.000;6907.000;2662.000;1374.000;1796.000;2569.000;3622.000;222.000;7282.000;20646.000;15728.000;20786.000;14538.000;2465.000;3021.000;3936.000;360.000;1896.000;335.000;466804.000;.;.;.;.;.;.;.;.;.;.;.;.;.;.
"2021";"P51K Kiinteän pääoman bruttomuodostus, menona";"Käypiin hintoihin, miljoonaa euroa";1117.000;442.000;9.000;528.000;557.000;45.000;261.000;984.000;75.000;680.000;590.000;421.000;205.000;243.000;284.000;371.000;2496.000;343.000;1093.000;123.000;136.000;175.000;147.000;2828.000;574.000;509.000;1487.000;267.000;851.000;947.000;982.000;40.000;-226.000;845.000;73.000;324.000;496.000;402.000;932.000;1158.000;330.000;86.000;74.000;9579.000;13278.000;411.000;385.000;867.000;56.000;85.000;491.000;56.000;23.000;680.000;4121.000;3210.000;1466.000;556.000;330.000;519.000;204.000;11.000;118.000;.;60750.000;.;.;.;.;.;.;.;.;.;.;.;.;.;.
"2021";"NKANTA Nettokanta";"Käypiin hintoihin, miljoonaa euroa";17071.000;6277.000;103.000;4327.000;5665.000;321.000;2568.000;8104.000;639.000;3410.000;5013.000;2674.000;1616.000;2129.000;4559.000;2822.000;10167.000;1855.000;5366.000;888.000;693.000;719.000;750.000;36521.000;5806.000;6531.000;7512.000;2232.000;7380.000;7504.000;6406.000;2203.000;2052.000;8539.000;468.000;2997.000;1595.000;1773.000;5980.000;4457.000;1075.000;629.000;282.000;203447.000;301910.000;1436.000;1733.000;3941.000;236.000;344.000;1795.000;167.000;300.000;2589.000;77044.000;29136.000;15655.000;10272.000;3792.000;10622.000;4022.000;53.000;516.000;.;868688.000;.;.;.;.;.;.;.;.;.;.;.;.;.;.
"2021";"E1 Työlliset, kotimaa (1000 henkeä)";"Käypiin hintoihin, miljoonaa euroa";64.900;21.100;1.700;7.700;39.500;8.400;20.800;17.600;6.400;2.700;13.100;5.000;13.000;13.100;13.700;43.700;22.000;16.900;50.300;9.800;7.600;12.600;21.800;13.400;2.800;11.800;200.400;49.700;88.400;148.700;82.100;7.800;4.300;31.200;14.000;76.000;18.700;9.200;10.800;78.500;24.700;8.200;10.800;27.600;.;58.400;57.200;16.300;14.200;23.100;8.400;89.500;3.700;93.200;148.200;178.000;214.400;255.300;25.600;27.100;42.500;4.700;26.800;10.600;2649.700;.;.;.;.;.;.;.;.;.;.;.;.;.;.
"2022";"01 Kasvinviljely ja kotieläintalous, riistatalous ja niihin liittyvät palvelut";"Käypiin hintoihin, miljoonaa euroa";1134.107;91.274;.;.;3058.053;1.723;2.960;0.031;.;.;5.824;.;0.004;0.024;.;0.017;.;.;.;.;0.026;0.072;5.656;0.078;0.002;0.020;4.830;1.288;4.739;0.014;2.103;0.031;.;0.609;0.005;115.056;.;0.005;0.151;0.920;0.078;0.039;0.072;0.363;0.014;0.744;0.247;0.148;0.186;0.055;0.746;0.035;0.429;2.228;21.393;34.847;39.819;18.167;1.061;1.712;0.411;0.001;0.006;0.148;4552.565;907.461;.;.;907.461;32.409;155.606;188.014;62.350;46.947;15.403;133.610;195.960;1291.435;5844.000
"2022";"02 Metsätalous ja puunkorjuu";"Käypiin hintoihin, miljoonaa euroa";6.001;1094.282;0.001;6.167;2.917;0.030;1919.966;1799.942;0.080;.;0.077;0.006;0.106;0.207;0.051;0.221;0.080;0.044;0.244;0.130;0.089;0.105;0.166;89.846;0.024;0.165;2.151;0.550;5.123;2.459;0.560;0.205;0.174;0.524;0.091;1.317;0.100;0.113;0.331;0.395;0.128;0.092;0.038;0.799;0.020;0.268;0.341;0.231;0.025;0.032;0.067;0.052;0.005;0.215;3.213;22.838;3.753;2.060;0.280;0.321;0.138;0.027;0.130;0.001;4970.111;380.663;.;.;380.663;54.448;648.309;702.757;117.622;41.198;76.424;17.847;135.469;1218.889;6189.000
"2022";"03 Kalastus ja vesiviljely";"Käypiin hintoihin, miljoonaa euroa";0.053;0.089;55.393;.;37.562;.;.;.;.;.;2.990;.;.;.;.;.;.;.;.;.;.;.;.;0.008;0.001;0.047;0.956;0.095;0.001;.;0.212;0.249;0.004;2.442;.;33.965;0.001;0.010;0.318;1.882;0.173;0.437;0.162;0.738;0.019;1.541;0.489;0.232;0.393;0.402;1.451;0.050;.;1.067;0.993;0.824;1.523;0.640;0.136;0.229;0.670;0.001;0.014;.;148.461;115.124;.;.;115.124;.;0.435;0.435;19.530;14.395;5.135;2.451;21.981;137.539;286.000
"2022";"B Kaivostoiminta ja louhinta (05-09)";"Käypiin hintoihin, miljoonaa euroa";4.074;3.523;0.002;390.582;2.221;0.132;16.415;32.920;0.409;0.272;143.918;0.263;1.833;127.850;264.115;5.243;3.972;0.665;2.399;2.321;1.154;2.014;1.412;147.021;1.113;11.743;144.605;1.603;3.326;8.055;1.363;0.393;0.234;1.455;0.123;1.411;0.930;0.243;0.321;2.931;0.476;0.178;0.083;1.861;0.428;4.275;0.936;1.298;0.335;4.903;0.528;0.314;0.030;6.213;5.789;1.710;0.805;0.264;0.343;0.331;0.139;1.479;3.797;0.002;1371.094;11.778;.;0.096;11.874;18.668;34.892;53.559;933.340;175.301;758.039;571.133;1504.472;1569.906;2941.000
"2022";"10-12 Elintarviketeollisuus ym.";"Käypiin hintoihin, miljoonaa euroa";848.316;9.085;19.083;6.986;2022.997;1.642;16.719;81.662;1.285;11.252;130.524;5.184;3.361;5.074;25.870;10.022;42.191;7.577;27.733;3.043;4.541;3.133;8.797;14.943;0.619;6.584;106.438;16.992;32.693;29.301;23.303;27.420;3.040;181.233;2.264;1085.632;9.406;3.206;35.334;191.377;17.462;23.150;13.650;71.422;2.484;158.453;66.018;23.273;38.004;48.200;124.729;9.274;0.261;88.908;79.780;60.879;117.483;48.518;13.049;20.094;53.881;0.943;3.873;0.011;6149.658;5108.160;.;1.784;5109.944;115.253;97.719;212.973;1238.644;628.723;609.920;803.781;2042.425;7365.342;13515.000
"2022";"13-15 Tekstiiliteollisuus";"Käypiin hintoihin, miljoonaa euroa";0.205;0.199;0.004;2.626;3.509;35.167;2.280;21.359;0.905;0.396;3.639;2.380;11.005;10.314;3.485;4.132;10.969;3.313;22.772;1.058;4.756;3.819;1.672;6.306;0.131;12.852;44.076;1.774;10.998;5.735;1.923;2.822;0.609;4.530;0.667;2.718;3.077;1.638;2.686;7.727;0.880;0.660;0.493;1.107;0.065;10.692;15.306;1.924;0.774;6.833;5.934;2.504;0.091;20.807;13.822;2.286;10.799;3.255;0.511;1.017;1.134;0.121;0.703;0.004;361.956;262.574;.;4.510;267.084;20.051;20.826;40.876;389.728;236.903;152.825;234.356;624.084;932.044;1294.000
"2022";"16 Sahatavaran sekä puu- ja korkkituotteiden valmistus (pl. huonekalut); olki- ja punontatuotteiden valmistus";"Käypiin hintoihin, miljoonaa euroa";3.457;1.382;0.029;13.704;18.820;2.574;1123.608;531.408;1.234;2.733;20.473;1.352;20.438;26.260;136.058;31.953;21.039;11.193;31.776;5.522;16.618;66.463;3.852;217.059;0.335;34.987;2431.462;4.775;37.598;44.277;2.528;1.726;1.154;17.950;0.646;8.795;5.269;1.619;3.741;22.252;4.684;3.096;1.827;21.051;2.897;20.758;8.918;2.460;3.678;6.479;10.442;1.398;0.114;20.461;12.556;2.662;7.792;2.750;2.722;3.098;4.574;0.788;3.248;0.008;5076.583;66.175;.;1.664;67.839;57.646;355.949;413.595;1697.519;1290.473;407.046;2238.464;3935.983;4417.417;9494.000
"2022";"17 Paperin, paperi- ja kartonkituotteiden valmistus";"Käypiin hintoihin, miljoonaa euroa";10.023;3.558;0.157;12.168;274.254;9.767;64.256;2459.876;69.194;21.547;124.789;22.292;47.735;26.505;102.039;40.654;79.057;51.676;63.554;10.808;13.871;20.762;13.134;53.785;1.422;24.220;170.623;41.885;119.646;76.168;15.661;9.693;4.119;31.807;3.129;38.467;76.882;15.521;10.852;64.729;13.637;7.169;6.137;26.195;4.066;62.000;27.657;9.573;9.174;17.090;25.940;6.544;0.412;54.703;36.587;19.268;63.638;20.689;10.768;11.804;14.462;3.079;6.065;0.078;4757.023;409.591;.;7.137;416.729;240.342;291.937;532.279;6185.315;4555.891;1629.424;5871.654;12056.969;13005.977;17763.000
"2022";"18 Painaminen ja tallenteiden jäljentäminen";"Käypiin hintoihin, miljoonaa euroa";0.322;0.420;0.002;0.633;24.285;1.030;2.262;6.106;80.939;0.782;4.423;3.316;4.914;0.978;3.184;3.333;10.252;2.088;4.252;0.319;0.831;2.103;0.681;15.278;0.105;3.872;6.282;19.744;22.597;12.426;2.357;3.417;2.772;18.229;2.028;17.259;184.548;22.076;72.741;109.795;0.910;1.095;1.565;4.419;0.053;37.445;3.619;11.008;3.422;2.053;2.069;1.685;3.948;4.666;15.947;23.418;17.548;11.164;12.897;47.411;1.818;0.555;0.750;0.001;882.447;9.387;.;0.110;9.497;7.732;8.081;15.814;35.548;20.084;15.464;34.694;70.242;95.553;978.000
"2022";"19 Koksin ja jalostettujen öljytuotteiden valmistus";"Käypiin hintoihin, miljoonaa euroa";109.902;172.348;8.157;143.990;35.608;1.176;3.143;23.101;2.289;1068.486;225.016;3.722;7.048;29.554;49.727;11.699;20.041;2.982;18.096;2.239;21.895;0.774;3.063;134.655;0.612;9.696;333.746;57.193;48.858;11.247;1113.373;176.253;218.049;45.903;11.439;2.622;3.213;0.715;3.526;8.300;49.750;5.874;10.204;12.392;0.099;2.402;18.437;1.972;0.324;10.056;9.710;5.321;0.817;41.941;65.653;34.947;30.296;34.596;10.500;20.713;27.138;0.041;15.476;.;4552.111;1737.911;.;.;1737.911;64.380;337.801;402.181;4258.405;2700.668;1557.737;2393.392;6651.797;8791.889;13344.000
"2022";"20 Kemikaalien ja kemiallisten tuotteiden valmistus";"Käypiin hintoihin, miljoonaa euroa";121.839;37.773;0.025;35.033;51.830;6.329;86.168;509.747;6.146;787.821;1185.342;17.917;146.257;36.592;197.706;64.594;28.039;15.568;37.672;19.990;20.867;9.911;4.194;20.192;1.127;74.001;196.676;7.555;12.982;12.028;1.077;1.365;1.089;16.564;0.680;5.686;5.660;1.364;1.669;11.372;2.360;1.036;0.702;1.298;0.073;10.879;16.492;0.774;1.321;2.770;14.693;1.087;0.105;18.152;15.222;2.890;23.231;4.480;2.164;2.651;4.438;0.460;9.682;0.103;3935.511;183.122;.;2.937;186.058;142.199;245.062;387.261;7974.400;4843.383;3131.017;3991.769;11966.169;12539.489;16475.000
"2022";"21 Lääkeaineiden ja lääkkeiden valmistus";"Käypiin hintoihin, miljoonaa euroa";1.524;0.189;0.018;0.334;5.776;0.366;4.296;4.763;0.257;0.958;3.398;19.369;0.587;0.738;4.487;1.243;3.527;1.814;3.668;0.667;0.863;0.568;0.868;2.488;0.090;0.675;11.229;0.914;2.414;2.402;0.283;0.331;0.198;1.222;0.140;2.480;1.313;0.769;0.607;3.126;0.569;0.274;0.207;0.458;0.020;2.393;1.436;0.289;0.373;3.044;0.677;0.179;0.021;1.004;4.716;2.772;166.357;11.871;0.781;0.579;0.355;0.113;0.335;0.003;289.787;70.454;.;165.472;235.926;100.967;-4.017;96.950;610.483;463.403;147.081;1120.854;1731.337;2064.213;2354.000
"2022";"22 Kumi- ja muovituotteiden valmistus";"Käypiin hintoihin, miljoonaa euroa";1.920;0.497;0.018;7.949;149.911;15.153;46.781;37.794;4.505;2.402;39.972;17.341;164.280;18.363;22.002;25.772;22.466;23.822;45.447;9.869;14.228;18.429;16.950;17.041;1.180;4.259;577.525;9.679;17.555;5.421;13.178;2.210;0.527;28.288;0.610;8.593;2.442;1.384;2.453;6.995;1.245;0.947;0.685;1.304;0.088;4.001;9.340;0.735;0.881;4.476;14.310;1.836;0.051;3.183;18.000;8.231;25.132;8.271;2.133;2.700;1.532;1.386;14.471;0.074;1530.222;144.911;.;1.577;146.488;74.245;64.822;139.067;1285.504;711.070;574.435;799.718;2085.223;2370.778;3901.000
"2022";"23 Muiden ei-metallisten mineraalituotteiden valmistus";"Käypiin hintoihin, miljoonaa euroa";1.425;0.205;0.008;8.469;5.259;1.245;58.346;17.548;3.657;0.675;30.085;0.763;10.282;370.899;30.608;34.670;16.516;6.839;19.986;5.963;11.275;6.093;13.489;6.700;0.784;2.537;2036.280;17.621;13.196;8.624;2.974;1.132;0.929;2.798;0.988;3.416;2.758;1.258;2.647;9.868;1.542;0.760;0.709;1.433;0.079;7.027;11.928;1.016;0.856;6.905;4.056;2.799;0.082;3.654;7.584;1.560;5.472;1.041;1.090;0.788;1.025;0.187;5.704;0.003;2836.115;35.571;.;0.240;35.812;35.214;47.562;82.776;519.897;352.402;167.495;308.400;828.297;946.885;3783.000
"2022";"24 Metallien jalostus";"Käypiin hintoihin, miljoonaa euroa";4.829;0.921;0.020;5.493;26.241;2.350;27.051;86.476;1.268;6.204;135.746;2.225;49.120;105.330;1831.900;1795.460;57.244;169.521;301.290;63.404;91.024;23.070;28.578;18.900;0.207;15.531;94.684;7.427;28.284;32.038;2.030;3.169;2.715;8.996;1.487;9.246;9.522;0.863;2.812;19.100;4.919;1.983;1.018;3.854;0.400;18.768;7.200;0.805;1.316;3.511;2.773;1.846;0.250;5.771;6.823;1.585;4.368;1.585;1.199;1.700;1.821;0.317;0.577;0.005;5146.171;25.135;.;0.613;25.747;55.986;265.304;321.290;8699.881;5427.196;3272.684;3376.911;12076.791;12423.829;17570.000
"2022";"25 Metallituotteiden valmistus (pl. koneet ja laitteet)";"Käypiin hintoihin, miljoonaa euroa";4.650;0.761;0.289;10.613;53.545;2.380;82.513;40.154;1.641;9.654;17.533;1.880;30.253;47.612;1734.417;733.857;45.915;185.263;1309.144;29.925;149.895;35.942;113.990;67.330;15.134;26.867;1832.935;6.486;49.193;28.161;8.441;10.112;1.587;34.390;2.550;11.577;7.207;2.302;6.865;25.356;3.713;2.050;2.111;3.403;0.173;20.415;29.746;3.651;4.282;17.217;14.995;6.462;0.156;15.722;90.590;6.323;9.803;3.764;4.383;5.562;2.641;1.330;5.290;0.015;7032.111;148.123;.;1.628;149.751;488.038;178.903;666.941;1465.049;777.230;687.820;974.147;2439.197;3255.889;10288.000
"2022";"26 Tietokoneiden sekä elektronisten ja optisten tuotteiden valmistus";"Käypiin hintoihin, miljoonaa euroa";10.368;3.301;0.160;12.544;69.763;8.505;77.142;106.294;7.959;18.791;73.598;9.250;26.440;30.399;80.697;62.022;496.511;72.762;186.126;25.456;30.266;14.721;51.699;68.320;2.730;19.405;234.447;43.542;163.414;107.011;78.286;9.445;13.680;76.703;24.459;60.666;123.099;52.437;139.348;520.891;46.478;16.843;13.747;43.310;1.246;104.537;221.805;30.617;50.740;49.104;51.121;41.774;7.640;107.468;207.148;51.473;165.923;33.107;31.359;22.997;12.174;3.552;19.247;0.057;4546.123;279.813;.;8.438;288.250;2543.474;120.731;2664.205;2296.487;1660.601;635.887;4631.935;6928.422;9880.877;14427.000
"2022";"27 Sähkölaitteiden valmistus";"Käypiin hintoihin, miljoonaa euroa";0.978;0.416;0.018;3.992;10.944;0.957;10.446;14.516;1.423;3.260;8.237;1.552;9.083;10.288;21.081;17.264;89.361;531.366;205.995;21.006;51.056;6.257;71.842;120.556;3.206;13.574;308.792;5.778;23.444;20.384;3.175;2.347;2.012;8.126;1.600;7.598;9.007;1.192;12.656;22.456;3.884;1.733;1.359;2.306;0.131;21.069;16.444;1.990;2.846;8.365;7.935;3.327;0.241;20.356;13.856;5.661;9.180;4.950;2.176;3.509;1.582;0.248;1.022;0.174;1791.584;70.329;.;0.673;71.002;475.810;98.364;574.174;2061.147;1408.207;652.940;2339.092;4400.239;5045.416;6837.000
"2022";"28 Muiden koneiden ja laitteiden valmistus";"Käypiin hintoihin, miljoonaa euroa";19.710;2.732;0.222;80.621;81.099;5.571;83.717;338.687;4.623;130.817;55.687;7.296;27.412;32.659;155.792;117.690;164.417;72.346;1076.500;57.692;143.274;20.259;188.868;205.259;44.472;40.066;512.011;19.719;135.844;82.540;21.555;12.456;7.820;42.487;9.746;35.867;74.099;9.072;24.057;84.130;12.072;6.330;5.982;8.576;0.794;38.304;101.371;5.787;5.112;51.772;31.612;23.528;0.694;30.745;50.354;12.731;26.025;9.248;13.337;8.951;10.951;1.759;6.969;0.035;4691.930;210.292;.;4.794;215.086;2404.452;448.024;2852.475;4382.739;2978.240;1404.500;6260.769;10643.509;13711.070;18403.000
"2022";"29 Moottoriajoneuvojen, perävaunujen ja puoliperävaunujen valmistus";"Käypiin hintoihin, miljoonaa euroa";0.441;0.124;0.006;0.327;2.464;0.266;3.182;3.429;0.186;0.658;1.351;0.264;0.914;0.750;7.611;3.687;4.248;4.360;331.143;53.856;7.003;0.633;3.150;2.718;0.057;0.450;18.661;4.039;2.275;2.579;0.362;0.304;0.221;14.348;0.117;1.814;1.077;0.334;0.509;2.155;0.517;0.230;0.143;0.400;0.016;2.089;2.028;0.177;0.268;0.269;0.403;0.093;0.022;0.706;0.975;0.387;1.662;0.474;0.400;0.402;0.249;0.074;0.206;0.002;494.264;82.825;.;0.360;83.185;193.735;25.014;218.750;918.961;573.634;345.326;440.841;1359.801;1661.736;2156.000
"2022";"30 Muiden kulkuneuvojen valmistus";"Käypiin hintoihin, miljoonaa euroa";0.003;0.030;0.086;0.503;0.982;0.214;1.186;2.045;0.094;3.138;0.717;0.233;2.268;0.560;2.891;23.165;3.662;3.210;5.801;0.604;448.264;1.867;1.199;0.861;0.012;0.107;26.731;0.590;2.576;2.340;0.659;10.622;0.224;1.358;0.178;0.807;0.539;0.057;0.423;1.492;0.345;0.173;0.123;0.393;0.017;1.615;1.669;0.213;0.207;1.054;0.748;0.407;0.017;0.567;1.003;0.331;0.362;0.265;0.096;0.133;0.185;0.055;0.191;0.003;562.474;191.961;.;.;191.961;184.400;151.662;336.063;605.988;457.100;148.889;1335.514;1941.502;2469.526;3032.000
"2022";"31, 32 Muu valmistus ml. huonekalut";"Käypiin hintoihin, miljoonaa euroa";0.765;0.284;0.011;1.125;6.270;0.868;10.150;5.825;0.508;0.971;2.628;0.724;2.325;1.514;9.898;6.263;7.998;3.584;8.108;1.075;68.180;94.510;3.725;5.584;0.385;6.406;247.043;7.138;6.576;6.501;1.893;1.242;0.532;9.523;0.382;9.524;1.894;1.345;3.279;15.199;4.988;2.628;2.885;3.026;0.061;47.793;13.819;6.204;9.928;13.554;22.614;2.436;0.051;26.243;24.606;10.427;23.501;5.170;4.118;7.876;0.890;0.470;2.203;0.005;797.253;257.405;.;0.601;258.006;250.521;25.708;276.230;389.618;240.132;149.485;457.894;847.512;1381.747;2179.000
"2022";"33 Koneiden ja laitteiden korjaus, huolto ja asennus";"Käypiin hintoihin, miljoonaa euroa";40.120;0.558;2.300;44.569;56.170;9.340;51.738;192.012;3.846;100.012;39.173;3.395;7.653;20.544;53.925;57.572;91.526;18.548;153.251;7.621;82.193;14.654;287.434;239.839;74.261;103.944;223.578;3.912;83.513;44.978;109.317;73.673;121.482;43.327;12.903;28.135;8.026;0.508;52.895;20.673;2.218;1.430;1.867;2.172;0.260;2.899;52.615;1.985;0.790;28.006;14.899;12.921;0.214;51.205;36.301;5.349;22.050;16.936;3.647;8.702;3.135;0.130;10.349;0.001;2863.200;42.996;.;-0.976;42.020;242.373;44.551;286.923;418.512;248.401;170.111;488.345;906.857;1235.800;4099.000
"2022";"35 Sähkö-, kaasu- ja lämpöhuolto, jäähdytysliiketoiminta";"Käypiin hintoihin, miljoonaa euroa";103.495;44.271;4.340;195.682;270.667;36.336;262.356;1175.418;17.043;44.979;323.208;16.860;107.340;115.241;439.479;99.611;100.921;34.054;107.698;24.905;26.103;13.862;51.679;350.930;23.977;107.025;222.416;72.004;208.337;386.080;106.683;9.635;8.942;150.073;7.784;182.336;42.368;5.736;125.281;61.291;90.911;34.579;40.832;860.454;287.658;24.797;46.647;19.332;3.088;6.711;5.128;2.429;0.504;33.780;533.611;280.750;376.339;275.223;82.202;163.918;390.101;1.237;31.636;2.506;9280.816;4019.302;.;.;4019.302;228.664;11.423;240.087;205.898;130.348;75.550;90.897;296.795;4556.184;13837.000
"2022";"36 Veden otto, puhdistus ja jakelu";"Käypiin hintoihin, miljoonaa euroa";0.004;0.108;0.002;10.652;30.056;1.968;3.232;6.048;1.728;5.513;9.328;1.716;2.014;5.071;12.462;9.667;17.139;1.487;12.470;0.573;1.629;1.301;2.738;8.286;0.042;3.890;49.961;4.116;12.410;13.869;1.937;3.011;1.123;4.252;1.317;24.456;3.286;0.916;1.969;9.775;5.044;4.679;1.997;45.447;19.788;2.943;17.970;1.571;0.680;0.680;0.890;0.621;0.171;1.734;26.955;25.464;6.786;13.894;1.804;3.194;0.232;0.067;4.233;0.382;468.752;172.766;.;.;172.766;87.874;108.813;196.687;33.297;16.614;16.684;22.497;55.794;425.248;894.000
"2022";"37-39 Jäte- ja jätevesihuolto";"Käypiin hintoihin, miljoonaa euroa";0.153;0.138;0.005;45.726;62.444;3.970;11.205;35.878;3.014;4.798;29.047;3.267;7.589;12.952;239.658;43.218;43.410;9.136;58.114;4.291;5.767;2.943;9.462;461.313;2.263;710.602;183.089;10.098;38.829;107.303;6.242;8.314;2.607;8.030;2.332;78.356;3.147;1.073;1.953;28.353;10.890;5.432;7.588;253.180;136.894;3.322;88.094;3.851;0.499;0.627;2.328;0.717;0.207;116.844;131.398;26.713;41.912;37.687;4.269;11.817;17.932;0.340;8.601;0.002;3201.230;379.893;.;0.006;379.899;49.791;29.117;78.909;124.714;73.066;51.648;60.248;184.962;643.770;3845.000
"2022";"F Rakentaminen (41-43)";"Käypiin hintoihin, miljoonaa euroa";142.506;0.963;0.019;29.218;34.825;3.123;12.652;25.577;2.566;17.408;21.020;1.606;10.376;10.750;30.759;11.765;24.783;6.855;41.160;1.678;1.988;8.788;16.862;598.423;108.173;216.792;4594.628;15.256;175.797;113.810;134.370;27.623;55.465;56.259;5.559;19.459;4.678;1.029;16.670;8.360;30.853;4.060;7.667;933.660;1106.765;6.484;3.449;8.531;0.986;0.674;9.889;0.325;0.068;98.689;692.150;104.308;47.791;45.387;10.506;14.823;0.785;0.231;6.881;0.006;9744.567;72.708;.;538.065;610.773;33064.609;-9.128;33055.481;65.644;31.616;34.029;25.534;91.179;33757.433;43502.000
"2022";"45 Moottoriajoneuvojen ja moottoripyörien tukku- ja vähittäiskauppa sekä korjaus";"Käypiin hintoihin, miljoonaa euroa";99.824;44.131;0.007;0.483;5.673;0.486;23.566;5.281;0.467;0.369;3.247;0.603;22.912;5.827;11.237;3.982;15.806;8.658;88.027;0.399;3.789;3.097;4.205;3.638;0.118;7.059;46.606;932.918;113.501;27.132;1347.042;3.860;1.484;39.364;3.705;7.030;3.647;0.546;1.805;7.288;2.097;0.968;0.379;4.952;0.101;7.698;1.739;1.604;0.468;1.350;85.723;0.326;0.403;4.157;55.662;28.779;15.214;45.972;10.547;18.488;69.758;0.132;0.510;0.003;3255.850;2434.652;.;0.078;2434.730;520.406;69.503;589.910;116.862;75.669;41.193;39.648;156.511;3181.150;6437.000
"2022";"46 Tukkukauppa (pl. moottoriajoneuvojen ja moottoripyörien kauppa)";"Käypiin hintoihin, miljoonaa euroa";123.341;48.155;2.642;42.750;273.549;46.277;577.055;599.178;33.522;122.027;126.459;24.095;63.122;89.289;455.205;110.539;161.080;237.985;426.668;87.367;121.677;72.287;114.542;327.552;12.432;96.513;1603.450;81.206;177.838;147.772;112.383;49.214;47.001;130.248;6.231;291.726;200.195;70.952;52.834;256.639;55.008;25.511;23.738;46.643;1.803;190.706;149.527;30.285;45.933;49.613;76.190;10.284;1.589;157.627;157.940;74.844;341.250;83.729;89.545;76.435;43.596;15.646;43.198;0.428;9414.066;2902.640;.;85.188;2987.827;1583.228;272.755;1855.982;1537.890;995.364;542.526;1396.234;2934.124;7777.934;17192.000
"2022";"47 Vähittäiskauppa (pl. moottoriajoneuvojen ja moottoripyörien kauppa)";"Käypiin hintoihin, miljoonaa euroa";12.766;21.460;1.156;14.201;26.573;2.008;12.300;22.663;2.339;1.575;15.528;2.995;5.474;5.111;47.991;10.112;69.005;6.423;22.697;1.707;2.345;4.027;5.378;14.327;0.484;1.319;287.808;22.460;102.526;87.738;88.072;8.357;7.085;23.241;4.064;35.775;17.684;2.740;8.060;38.327;17.638;5.829;3.485;21.512;4.841;34.852;10.224;11.357;2.275;1.033;3.313;1.705;0.809;12.272;38.381;19.940;17.077;20.329;6.016;7.785;8.146;1.413;3.751;1.881;1321.765;11138.614;.;502.135;11640.749;21.917;21.279;43.196;892.144;545.630;346.514;387.146;1279.290;12963.235;14285.000
"2022";"49 Maaliikenne ja putkijohtokuljetus";"Käypiin hintoihin, miljoonaa euroa";4.845;19.170;0.347;42.924;400.037;24.799;263.214;779.043;22.093;142.900;210.382;12.973;68.122;103.847;154.072;71.564;78.729;59.514;209.787;40.389;16.037;27.099;8.980;22.960;2.038;5.105;372.529;35.513;638.053;241.800;1333.408;12.555;5.392;329.569;226.960;45.899;57.119;3.300;7.265;21.907;50.952;29.708;25.860;13.771;1.403;27.667;12.594;27.075;1.199;5.992;24.284;3.354;0.345;8.161;533.850;193.931;222.326;206.694;34.448;64.679;64.213;2.606;118.794;0.005;7796.147;1690.230;.;271.156;1961.386;14.782;78.456;93.237;1372.850;822.740;550.110;766.380;2139.229;4193.853;11990.000
"2022";"50 Vesiliikenne";"Käypiin hintoihin, miljoonaa euroa";0.335;0.676;0.023;0.178;4.259;0.295;3.087;3.814;0.403;37.307;4.285;0.843;1.503;10.222;15.491;6.842;6.442;2.589;6.112;0.445;0.761;1.032;0.795;1.377;0.024;0.152;33.933;10.555;27.028;23.723;8.696;5.932;4.024;14.782;0.767;35.899;3.393;0.526;1.003;7.427;12.924;2.072;2.741;1.984;0.226;8.232;1.310;6.607;0.619;0.697;3.199;4.717;5.894;10.892;31.912;25.446;22.483;16.637;2.336;4.051;7.743;0.078;0.363;0.026;460.170;668.904;.;28.873;697.777;1.094;2.544;3.638;1076.931;734.755;342.176;823.484;1900.415;2601.830;3062.000
"2022";"51 Ilmaliikenne";"Käypiin hintoihin, miljoonaa euroa";1.042;4.121;0.487;0.029;1.004;0.061;0.458;0.950;0.057;0.051;0.602;0.163;0.217;0.238;2.028;0.322;7.863;0.361;1.076;0.069;0.019;0.133;0.071;0.462;0.002;0.183;12.162;7.092;16.861;11.455;5.212;1.451;132.559;21.712;6.200;26.877;4.580;0.582;5.781;17.556;12.926;5.098;8.761;6.863;0.726;4.521;3.500;5.697;0.193;0.759;0.310;0.807;4.356;1.355;31.400;22.362;20.887;21.276;3.771;9.437;15.502;0.051;0.346;.;473.047;351.980;.;.;351.980;3.000;0.617;3.617;690.674;485.508;205.165;1058.682;1749.355;2104.953;2578.000
"2022";"52 Varastointi ja liikennettä palveleva toiminta";"Käypiin hintoihin, miljoonaa euroa";4.843;2.742;0.130;57.504;328.140;29.527;295.431;921.650;24.523;70.332;203.165;14.711;81.989;109.901;161.063;88.976;138.650;85.721;308.364;48.258;22.348;40.218;8.648;33.919;4.348;98.034;76.738;83.715;842.668;185.315;192.251;44.597;131.689;2476.881;110.050;15.734;54.284;5.239;4.397;11.695;5.518;4.201;2.069;8.443;0.688;10.694;5.082;4.779;1.030;2.464;5.429;2.171;0.172;11.133;85.635;17.457;13.879;13.573;4.109;5.481;7.735;0.680;17.411;0.009;7648.233;221.901;.;99.737;321.638;38.226;98.718;136.944;684.912;434.294;250.618;519.273;1204.185;1662.767;9311.000
"2022";"53 Posti- ja kuriiritoiminta";"Käypiin hintoihin, miljoonaa euroa";3.679;6.834;0.326;8.154;52.326;9.264;35.324;70.208;6.056;4.752;43.115;2.352;19.231;21.120;13.262;42.195;55.454;41.234;109.909;13.437;4.215;13.886;9.554;16.653;0.183;0.313;22.133;5.385;94.308;23.001;6.254;13.357;6.997;36.371;10.781;14.901;2.713;2.232;1.060;10.447;16.911;25.558;8.791;17.815;3.506;17.765;0.702;2.475;0.233;0.654;0.393;2.145;0.376;3.110;100.258;38.852;27.040;38.889;7.989;15.952;46.772;0.183;0.466;.;1229.812;85.487;.;.;85.487;0.004;15.583;15.587;116.119;54.922;61.197;26.995;143.114;244.188;1474.000
"2022";"I Majoitus- ja ravitsemistoiminta (55-56)";"Käypiin hintoihin, miljoonaa euroa";5.690;10.061;0.359;0.307;16.634;0.637;6.867;11.785;3.308;0.420;9.948;5.122;7.352;8.621;13.321;14.346;21.951;10.239;22.765;0.957;0.821;3.666;5.073;6.134;0.064;0.547;68.950;17.386;146.143;46.805;22.103;20.637;71.067;31.246;4.879;281.491;9.617;6.683;3.752;35.730;149.144;32.223;43.948;21.440;2.678;42.054;9.738;16.782;3.169;6.408;3.651;5.350;3.425;11.156;257.927;305.593;341.354;376.135;33.056;64.290;76.762;0.780;3.539;0.002;2764.089;6269.362;.;64.042;6333.404;1.703;5.818;7.521;188.768;116.312;72.457;28.217;216.985;6557.911;9322.000
"2022";"58 Kustannustoiminta";"Käypiin hintoihin, miljoonaa euroa";1.247;1.297;0.045;0.924;40.736;3.849;11.686;55.274;7.714;4.154;12.008;9.963;6.464;6.629;17.121;12.273;62.711;13.539;44.228;1.762;2.885;7.297;7.698;20.828;0.366;2.931;24.541;20.623;108.200;117.108;8.129;5.112;11.698;21.809;3.215;34.126;499.166;29.310;23.341;355.761;72.396;34.772;45.641;14.048;0.548;26.906;8.783;10.592;4.463;4.805;4.443;6.511;3.781;19.933;134.841;88.598;52.204;56.049;59.710;42.207;73.734;1.361;3.078;0.004;2387.172;858.404;.;0.727;859.131;663.243;68.162;731.404;691.984;538.613;153.370;1937.309;2629.293;4219.828;6607.000
"2022";"59, 60 Audiovisuaalinen toiminta";"Käypiin hintoihin, miljoonaa euroa";0.147;0.118;0.008;0.252;18.914;2.162;3.899;8.934;1.366;0.950;5.373;5.994;2.752;1.856;2.581;4.798;23.449;3.247;7.321;0.450;0.921;3.825;1.188;5.124;0.081;0.476;3.203;10.373;41.959;52.440;1.784;2.242;5.911;1.470;0.425;17.822;33.850;155.857;6.721;33.670;2.168;0.487;0.270;4.730;0.044;8.125;2.732;1.315;61.388;0.689;0.831;1.503;1.919;3.257;4.205;16.634;6.125;1.718;166.909;90.340;1.554;0.834;0.681;0.001;852.369;213.623;.;546.084;759.707;245.912;5.450;251.362;63.384;35.456;27.928;48.178;111.562;1122.631;1975.000
"2022";"61 Televiestintä";"Käypiin hintoihin, miljoonaa euroa";2.432;5.161;0.155;5.117;38.972;3.673;18.039;18.287;4.809;2.594;53.509;1.447;15.374;12.729;7.296;30.874;28.009;27.627;76.439;6.667;2.567;8.544;8.686;49.102;0.098;1.062;43.513;6.537;43.455;31.852;16.073;12.643;13.533;16.116;1.282;84.154;5.649;16.422;467.060;73.579;63.465;60.620;63.225;38.505;16.487;39.985;2.831;6.609;0.674;2.880;8.404;10.596;0.940;24.844;255.210;112.732;104.206;132.173;40.662;52.650;108.188;0.204;0.641;0.003;2407.869;1808.398;.;0.210;1808.608;109.993;10.366;120.359;120.273;64.858;55.415;72.891;193.164;2122.131;4530.000
"2022";"62, 63 Tietojenkäsittelypalvelu";"Käypiin hintoihin, miljoonaa euroa";2.368;2.395;0.095;4.027;58.735;4.736;32.671;106.708;7.598;12.493;55.545;9.072;16.748;26.504;54.981;40.930;258.248;25.348;171.221;6.592;9.609;8.712;49.401;82.776;1.915;10.473;74.223;37.822;184.330;126.530;47.941;7.818;20.458;65.411;18.419;39.018;220.804;33.641;112.038;1098.774;147.506;44.074;69.051;47.870;2.877;74.789;71.417;38.465;29.932;24.371;27.352;44.137;5.234;74.639;348.097;87.611;138.897;55.155;78.001;22.109;27.446;1.541;22.674;0.007;4630.381;61.464;.;5.358;66.822;1442.312;63.173;1505.485;3023.810;1705.788;1318.022;5707.502;8731.312;10303.619;14934.000
"2022";"64 Rahoituspalvelut (pl. vakuutus- ja eläkevakuutustoiminta)";"Käypiin hintoihin, miljoonaa euroa";81.386;37.161;0.283;15.351;66.624;12.386;26.467;81.068;6.903;12.347;33.757;5.192;28.569;24.672;12.700;67.597;64.621;48.639;128.989;14.554;11.754;16.479;20.920;241.689;6.558;8.274;105.006;19.971;80.889;208.216;27.089;21.758;21.886;57.445;15.223;81.761;18.569;4.064;14.749;67.825;733.493;256.624;453.134;778.607;860.370;122.796;15.925;5.995;2.267;4.107;13.365;4.042;1.293;21.403;162.005;74.396;85.768;78.266;12.302;28.603;53.654;0.259;1.969;0.005;5590.043;2523.210;.;.;2523.210;177.000;0.650;177.650;320.574;122.578;197.995;245.523;566.097;3266.957;8857.000
"2022";"65 Vakuutus-, jälleenvakuutus- ja eläkevakuutustoiminta (pl. pakollinen sosiaalivakuutus)";"Käypiin hintoihin, miljoonaa euroa";18.434;3.414;0.123;7.897;37.025;8.641;23.986;27.882;4.481;4.599;43.198;2.223;23.548;18.360;6.878;46.246;41.654;43.159;111.136;11.700;3.496;13.319;12.686;17.197;0.193;0.467;18.471;30.154;40.551;11.672;6.668;15.519;12.238;1.883;0.916;4.529;1.041;0.777;1.570;7.377;35.246;21.033;19.320;143.962;124.081;13.537;0.622;3.853;0.086;1.396;31.058;0.616;0.184;1.405;46.389;24.790;41.479;29.969;4.897;8.429;20.434;0.057;0.127;.;1258.279;2879.977;.;.;2879.977;24.000;.;24.000;65.124;47.137;17.988;39.621;104.745;3008.721;4267.001
"2022";"66 Rahoitusta ja vakuuttamista palveleva toiminta";"Käypiin hintoihin, miljoonaa euroa";1.956;4.334;0.179;4.299;27.598;6.037;12.943;24.244;2.686;1.641;40.216;1.518;14.006;10.801;4.777;25.502;21.538;27.770;61.659;8.001;2.419;11.195;7.322;8.677;0.132;0.116;14.775;3.695;47.531;29.855;5.549;9.035;17.473;4.508;1.557;13.585;1.147;1.969;1.990;11.158;1485.158;132.293;146.017;14.816;2.205;14.976;0.154;0.786;0.168;0.323;1.605;1.302;0.446;2.877;21.826;3.266;6.651;7.348;5.686;5.155;24.662;0.148;0.349;.;2373.609;420.695;.;.;420.695;76.000;16.696;92.696;.;.;.;.;.;513.391;2887.000
"2022";"68 pl. 68202 Kiinteistöalan toiminta pl. asuntojen ja asuinkiinteistöjen hallinta";"Käypiin hintoihin, miljoonaa euroa";1.178;9.997;0.261;26.461;89.244;11.816;19.534;16.973;31.622;0.029;30.868;2.356;35.705;13.981;21.426;83.578;33.423;17.599;66.258;6.343;35.523;30.177;66.025;76.143;8.863;21.727;91.861;220.838;438.260;985.454;224.079;81.706;69.894;214.643;36.027;526.132;40.335;45.345;132.124;157.758;48.611;37.559;15.474;415.411;21.579;107.254;134.728;85.645;10.163;12.991;26.714;19.820;2.005;85.415;397.584;245.093;193.508;281.862;72.169;64.158;54.730;10.541;51.628;0.303;6416.511;7949.541;0.727;955.273;8905.541;652.339;44.739;697.078;2.763;1.317;1.446;1.108;3.871;9606.490;16023.001
"2022";"68202 Asuntojen ja asuinkiinteistöjen hallinta";"Käypiin hintoihin, miljoonaa euroa";0.010;0.158;0.004;0.429;1.441;0.191;0.313;0.267;0.513;.;0.496;0.037;0.578;0.226;0.328;1.355;0.515;0.284;1.068;0.103;0.577;0.489;1.072;1.232;0.144;0.353;1.405;3.550;6.806;15.872;3.616;1.322;1.124;3.381;0.584;8.502;0.644;0.731;2.135;2.548;0.825;0.595;0.247;5.158;0.127;1.730;2.198;1.493;0.164;0.204;0.433;0.335;0.032;1.386;6.787;4.159;3.082;4.650;1.200;1.028;0.892;0.171;0.840;0.005;102.149;22568.144;.;.;22568.144;.;0.708;0.708;.;.;.;.;.;22568.851;22671.000
"2022";"69, 70 Liikkeenjohdon palvelut";"Käypiin hintoihin, miljoonaa euroa";3.269;10.039;0.413;9.838;180.417;17.618;54.271;108.661;10.019;7.106;116.985;29.870;44.003;32.504;132.434;70.138;406.051;90.672;174.662;15.772;8.217;31.547;16.712;79.487;0.470;2.091;349.377;118.995;370.624;427.283;11.621;38.651;42.001;73.664;13.772;106.557;157.757;9.887;37.785;218.640;58.319;42.644;32.074;308.194;49.144;1444.523;73.373;46.879;159.694;17.977;22.004;45.641;5.113;64.197;513.797;51.541;61.826;52.472;19.641;39.242;57.507;2.302;5.832;.;6803.815;93.167;.;-3.983;89.184;145.308;54.128;199.436;1320.942;662.737;658.205;709.624;2030.566;2319.185;9123.000
"2022";"71 Arkkitehti- ja insinööripalvelut; tekninen testaus ja analysointi";"Käypiin hintoihin, miljoonaa euroa";3.490;0.304;0.010;78.553;7.960;0.813;170.392;21.377;0.870;0.606;42.157;6.975;5.998;10.683;16.226;102.916;184.815;14.246;229.271;14.744;211.800;2.069;55.153;61.273;2.836;7.861;2682.018;14.758;36.013;30.740;16.846;11.564;5.547;15.827;5.283;18.409;2.738;1.124;3.970;45.021;1.363;0.844;0.394;9.443;0.149;4.060;1022.691;42.047;1.311;2.524;7.982;7.638;0.222;9.452;520.216;25.779;11.486;7.309;3.547;2.678;1.169;0.250;1.071;0.007;5826.885;205.716;.;106.345;312.061;424.280;61.631;485.911;407.053;230.270;176.783;425.090;832.143;1630.115;7457.000
"2022";"72 Tieteellinen tutkimus ja kehittäminen";"Käypiin hintoihin, miljoonaa euroa";-0.010;0.072;0.002;0.109;3.107;0.151;0.999;9.878;0.126;0.105;1.604;12.298;0.443;0.565;5.016;0.780;400.721;15.221;4.833;0.161;0.074;0.482;0.345;1.263;0.014;0.036;0.505;1.484;5.335;6.584;0.650;0.628;0.528;1.493;0.357;1.911;1.633;0.174;0.576;55.558;0.936;0.456;0.247;0.917;0.080;3.461;0.438;5.588;0.244;0.116;0.181;0.165;0.217;0.565;3.652;6.167;1.552;1.901;0.402;0.671;1.990;0.028;0.111;.;565.898;9.369;36.273;1052.752;1098.395;634.289;0.989;635.278;170.869;120.560;50.309;413.560;584.430;2318.102;2884.000
"2022";"73 Mainostoiminta ja markkinatutkimus";"Käypiin hintoihin, miljoonaa euroa";0.811;0.452;0.021;0.807;57.420;6.695;13.285;27.817;1.409;3.275;15.452;18.338;8.338;5.660;5.371;14.215;69.767;7.383;22.131;1.573;3.259;11.842;3.842;16.014;0.290;1.809;15.403;32.817;132.253;160.413;5.333;6.554;17.968;3.893;1.125;33.055;102.297;6.419;21.871;95.901;9.053;1.384;0.803;14.606;0.209;22.924;8.737;3.469;10.847;2.524;2.658;4.611;5.441;9.857;7.166;7.670;19.229;2.836;4.273;16.562;1.655;2.599;1.971;0.003;1113.667;21.548;.;0.583;22.131;24.513;12.100;36.613;151.683;96.981;54.702;97.906;249.589;308.333;1422.000
"2022";"74, 75 Muut liike-elämän palvelut ja eläinlääkintä";"Käypiin hintoihin, miljoonaa euroa";36.317;11.768;0.078;0.113;4.022;0.584;2.650;3.386;4.844;0.240;2.158;0.871;1.132;4.721;6.918;3.204;56.536;1.687;15.508;0.912;0.316;0.779;0.791;4.139;0.026;0.076;24.162;23.253;204.435;26.205;13.500;4.118;12.485;7.276;3.632;7.542;7.606;17.513;71.316;47.405;23.848;15.479;14.525;15.605;2.991;7.677;6.642;3.685;30.966;225.194;118.047;84.228;0.086;186.202;136.269;13.431;6.386;2.914;8.795;12.425;31.961;0.072;0.309;.;1581.960;361.857;.;24.902;386.759;23.541;6.585;30.125;20.120;11.283;8.837;23.035;43.156;460.040;2042.000
"2022";"77 Vuokraus- ja leasingtoiminta";"Käypiin hintoihin, miljoonaa euroa";11.301;0.710;0.015;5.451;27.585;2.977;16.821;23.013;8.219;0.776;29.897;3.100;9.294;7.369;6.544;15.901;15.295;10.245;39.991;3.100;7.756;8.951;17.590;35.929;1.471;4.542;710.890;44.803;81.379;218.017;120.509;21.549;13.093;70.829;14.509;72.697;12.722;9.458;22.348;41.055;12.028;7.178;0.750;40.941;0.132;26.415;27.095;6.152;6.134;7.689;37.451;4.840;0.340;58.912;181.168;13.160;68.336;39.932;17.703;8.374;2.617;1.755;52.500;0.001;2389.303;170.336;.;0.157;170.493;21.102;18.497;39.599;106.903;63.126;43.777;140.702;247.605;457.697;2847.000
"2022";"78 Työllistämistoiminta";"Käypiin hintoihin, miljoonaa euroa";0.800;1.308;0.056;0.504;61.971;15.625;56.636;14.244;12.024;0.556;7.955;29.879;26.356;116.549;42.075;113.673;56.863;38.559;120.205;35.037;7.058;19.885;23.049;14.684;1.037;10.819;424.135;27.971;261.389;288.075;62.439;32.361;17.656;351.253;34.532;346.968;22.920;2.160;48.973;166.773;4.401;5.317;3.847;8.753;1.086;6.043;11.832;6.696;6.011;32.736;31.844;287.626;1.025;65.402;91.834;12.412;100.084;135.621;1.152;3.167;5.959;7.251;64.693;.;3809.805;0.402;.;256.000;256.403;35.176;27.842;63.019;5.671;3.101;2.571;4.102;9.774;329.195;4139.000
"2022";"79 Matkatoimistojen ja matkanjärjestäjien toiminta; varauspalvelut";"Käypiin hintoihin, miljoonaa euroa";0.079;1.246;0.042;0.012;0.431;0.026;0.212;0.495;0.017;0.024;0.267;0.054;0.074;0.071;0.993;0.124;1.391;0.110;0.404;0.025;0.011;0.053;0.035;0.213;.;0.215;3.646;7.425;2.164;2.047;12.978;0.598;2.351;5.402;1.643;15.965;1.016;0.021;0.393;6.551;23.698;1.772;2.445;7.871;0.085;6.824;1.068;5.622;0.047;0.156;0.198;0.710;165.323;0.578;66.865;17.982;49.548;14.262;2.455;3.362;6.125;0.006;0.070;.;445.895;104.946;.;.;104.946;.;0.218;0.218;3.736;2.110;1.625;2.206;5.941;111.105;557.000
"2022";"80-82 Muut tukipalvelut";"Käypiin hintoihin, miljoonaa euroa";4.367;9.266;0.384;10.752;72.701;9.614;27.326;35.102;11.096;3.397;55.065;8.223;26.343;34.856;17.253;53.303;77.150;40.844;95.220;20.151;10.284;19.683;19.828;46.091;2.454;8.511;399.479;75.533;514.799;313.182;64.532;46.793;46.348;100.324;8.741;164.972;50.498;15.550;75.460;75.567;63.106;36.390;27.817;687.795;359.878;42.835;28.389;27.742;3.845;153.314;214.450;247.468;2.301;1142.659;482.080;251.038;299.214;259.522;32.279;54.934;57.347;2.531;12.287;0.002;7160.266;242.030;.;-26.697;215.333;44.424;40.789;85.213;67.133;42.513;24.620;55.056;122.189;422.734;7583.000
"2022";"84 Julkinen hallinto ja maanpuolustus; pakollinen sosiaalivakuutus";"Käypiin hintoihin, miljoonaa euroa";10.520;31.301;0.532;17.813;120.724;21.851;81.410;122.015;22.274;4.180;78.733;8.116;62.458;62.634;18.416;129.223;129.563;91.187;226.171;23.863;5.960;37.740;27.926;58.297;0.589;12.214;125.291;13.619;109.374;74.716;37.223;29.125;32.785;59.578;6.591;36.271;6.770;5.502;7.139;70.040;78.826;40.246;26.948;91.728;47.123;66.997;9.995;5.858;0.637;2.214;2.843;6.748;0.979;19.599;122.733;42.512;105.328;127.861;16.523;28.197;100.037;0.552;1.834;0.008;2966.060;869.175;77.934;17734.638;18681.747;198.000;26.826;224.826;69.647;41.615;28.033;68.720;138.367;19044.940;22011.000
"2022";"85 Koulutus";"Käypiin hintoihin, miljoonaa euroa";0.548;1.295;0.028;0.604;5.387;0.453;1.023;1.154;0.317;0.092;7.870;7.391;1.653;10.273;6.975;4.839;198.483;15.384;20.189;2.111;0.475;1.548;0.687;4.734;0.039;0.502;5.869;1.622;5.830;11.775;8.299;2.047;0.669;3.967;4.953;6.689;1.028;1.311;0.798;11.094;5.671;6.109;6.282;6.167;2.805;6.377;2.989;189.595;0.263;1.346;0.238;0.592;0.046;0.932;128.239;549.991;53.538;76.232;12.554;22.915;93.841;0.056;0.286;0.001;1527.071;453.147;853.000;11890.701;13196.848;1852.013;4.277;1856.289;10.170;7.743;2.427;15.620;25.791;15078.929;16606.000
"2022";"86 Terveyspalvelut";"Käypiin hintoihin, miljoonaa euroa";0.014;0.376;0.005;0.312;3.554;0.273;1.507;2.885;0.377;0.164;2.096;0.362;0.789;0.605;6.377;1.502;9.764;0.860;3.234;0.239;0.355;0.578;0.762;2.081;0.080;0.345;1.809;3.344;11.947;14.571;3.153;3.342;2.246;6.001;1.887;6.351;2.758;0.545;1.821;14.674;15.757;3.871;6.411;3.636;0.377;4.945;2.330;7.282;0.410;1.652;0.501;1.647;0.122;2.269;81.340;63.925;2504.164;48.528;4.387;6.168;2.237;0.110;0.510;0.003;2876.523;3480.457;47.244;15480.360;19008.060;35.875;4.688;40.563;33.183;13.982;19.201;26.671;59.854;19108.477;21985.000
"2022";"87, 88  Sosiaalipalvelut";"Käypiin hintoihin, miljoonaa euroa";0.060;0.396;0.011;0.876;4.035;0.447;1.189;1.699;1.058;0.066;1.722;0.226;1.345;0.646;3.348;2.999;4.880;0.856;3.193;0.269;1.151;1.099;2.179;3.013;0.284;0.699;3.406;7.627;15.950;33.806;7.181;2.980;2.454;7.277;1.264;17.890;2.044;1.485;4.321;6.560;2.762;1.508;0.780;10.406;0.277;5.219;4.388;2.999;0.418;0.439;0.915;0.712;0.087;2.920;14.169;9.069;30.001;502.376;2.490;2.281;2.191;0.348;1.668;0.011;750.423;2356.171;576.822;11737.150;14670.143;11.000;1.815;12.815;7.050;3.497;3.553;2.569;9.619;14692.577;15443.000
"2022";"90-92 Kulttuuritoiminta ja rahapelit";"Käypiin hintoihin, miljoonaa euroa";0.002;0.102;0.004;0.102;3.462;0.138;1.479;2.576;0.573;0.106;2.215;0.806;1.275;1.378;4.268;2.663;6.715;1.517;4.769;0.124;0.187;0.655;0.927;1.609;0.017;0.106;3.936;9.349;50.838;38.120;0.974;14.377;0.570;2.883;0.522;27.055;8.161;9.443;6.743;17.706;0.719;0.318;0.220;13.957;0.030;6.725;7.815;1.032;0.629;0.528;0.549;0.595;0.113;1.248;27.152;36.854;15.466;7.658;10.818;3.865;0.269;0.030;0.462;0.001;365.504;1046.851;346.000;766.811;2159.661;233.465;49.791;283.256;21.184;10.491;10.693;27.395;48.578;2491.496;2857.000
"2022";"93 Urheilutoiminta sekä huvi- ja virkistyspalvelut";"Käypiin hintoihin, miljoonaa euroa";0.418;2.129;0.073;0.109;5.514;0.241;2.036;3.387;0.977;0.131;3.064;1.578;2.097;2.228;3.900;4.469;7.509;2.332;7.317;0.125;0.330;1.170;1.646;2.187;0.024;0.211;13.853;5.253;32.887;12.936;8.954;1.659;1.537;4.515;2.197;57.068;4.381;0.642;1.458;11.312;9.027;4.306;3.580;5.232;0.420;10.920;3.076;2.245;1.060;1.124;1.010;1.307;0.318;2.653;16.588;39.650;8.003;5.256;10.288;216.494;6.907;0.095;1.514;0.002;564.928;1615.026;302.000;965.243;2882.270;.;2.257;2.257;21.637;12.884;8.753;11.907;33.545;2918.072;3483.000
"2022";"94 Järjestöjen toiminta";"Käypiin hintoihin, miljoonaa euroa";1.492;4.009;0.120;2.173;8.764;1.047;2.080;2.297;2.507;0.065;4.582;1.925;3.214;3.477;3.775;7.566;7.978;4.963;10.237;0.999;2.825;2.730;5.224;7.238;0.685;1.795;30.662;18.740;55.249;94.559;25.187;10.222;9.213;19.451;6.522;61.066;5.331;4.961;10.994;40.500;35.543;18.284;21.542;31.552;1.917;45.190;11.605;50.546;0.951;2.120;2.334;4.989;0.414;10.303;76.466;100.664;31.674;41.816;10.674;25.661;38.604;0.856;4.206;0.025;1054.363;430.315;2970.000;0.489;3400.804;21.588;5.253;26.841;6.802;3.969;2.832;6.191;12.992;3440.637;4495.000
"2022";"95 Tietokoneiden, henkilökohtaisten ja kotitaloustavaroiden korjaus";"Käypiin hintoihin, miljoonaa euroa";1.972;2.440;0.012;0.023;3.302;0.288;1.167;1.065;0.271;0.373;2.668;0.529;0.782;2.102;0.652;1.629;2.784;0.608;1.789;0.191;0.413;0.437;2.144;0.700;0.097;0.129;1.590;0.108;78.649;0.404;0.014;0.085;0.152;0.073;0.020;0.230;0.140;0.009;0.016;9.571;3.780;1.123;0.436;5.700;1.912;1.577;5.595;12.309;0.460;0.057;0.016;0.013;0.462;2.291;14.030;4.210;2.942;3.045;1.007;1.696;1.256;1.584;0.054;0.004;185.189;192.736;.;1.033;193.769;9.000;1.881;10.881;2.215;1.305;0.910;0.947;3.162;207.811;393.000
"2022";"96 Muut henkilökohtaiset palvelut";"Käypiin hintoihin, miljoonaa euroa";0.006;0.012;1.029;0.021;0.196;0.021;0.095;0.176;0.009;0.027;0.350;0.031;0.083;0.083;0.393;0.387;0.670;0.066;10.611;10.414;0.007;0.021;0.020;0.120;0.002;0.004;0.842;0.139;0.625;0.606;0.068;0.050;0.031;0.544;0.053;78.579;0.196;0.390;0.176;1.062;0.099;0.052;0.035;1.420;0.016;0.549;0.482;0.233;0.023;1.246;0.317;0.009;0.002;0.394;35.995;45.432;143.585;85.654;6.644;14.827;0.058;0.002;94.327;0.006;539.620;1495.506;.;-3.411;1492.095;3.000;0.670;3.670;17.841;13.782;4.059;50.773;68.614;1564.379;2103.999
"2022";"97, 98 Kotitalouspalvelut";"Käypiin hintoihin, miljoonaa euroa";.;.;.;.;.;.;.;.;.;.;.;.;.;.;.;.;.;.;.;.;.;.;.;.;.;.;.;.;.;.;.;.;.;.;.;.;.;.;.;.;.;.;.;.;.;.;.;.;.;.;.;.;.;.;.;.;.;.;.;.;.;.;.;.;.;329.000;.;.;329.000;.;.;.;.;.;.;.;.;329.000;329.000
"2022";"P1_USE Kotimaisten tuotteiden käyttö yhteensä perushintaan";"Käypiin hintoihin, miljoonaa euroa";3012.167;1768.042;99.844;1429.167;8456.510;397.890;5785.187;10694.049;454.249;2683.356;3904.284;376.402;1309.981;1813.366;6742.594;4406.355;4131.363;2236.749;6927.860;733.026;1719.896;779.801;1416.262;4142.581;330.918;1757.386;22314.034;2338.403;6382.863;5293.525;5511.651;943.019;1240.451;5035.755;652.109;4421.493;2147.983;594.291;1689.937;4411.352;3571.646;1033.461;1205.138;5175.476;3077.532;3085.465;2446.367;821.047;528.860;868.533;1140.924;949.220;232.417;2812.487;7306.694;3426.607;6415.142;3501.077;1016.917;1411.829;1671.642;76.106;675.730;6.386;192942.855;93921.412;5210.000;63281.664;162413.076;50525.014;4898.921;55423.935;60405.119;38226.112;22179.007;54207.015;114612.134;332449.144;525392.000
"2022";"P7_USE Tuontituotteiden käyttö yhteensä";"Käypiin hintoihin, miljoonaa euroa";828.155;445.859;17.568;372.482;2571.479;440.443;1018.677;3622.718;182.565;9277.327;8400.389;324.233;1508.693;861.707;7863.534;2477.416;4940.955;2603.883;5456.559;806.305;814.164;587.406;969.676;2628.394;70.529;511.581;5206.663;1013.689;1736.237;1416.496;1034.505;1247.505;979.003;1338.963;143.324;1104.846;1264.594;283.165;504.388;2963.218;561.015;212.682;281.922;538.164;159.899;1265.966;782.867;227.260;185.445;221.459;471.805;84.303;154.745;787.287;1665.267;546.392;2004.388;499.476;308.568;338.562;310.189;79.245;236.380;2.698;91765.273;14956.674;.;806.383;15763.057;10475.379;2012.562;12487.941;4334.029;2846.593;1487.436;2322.169;6656.198;34907.197;126672.470
"2022";"PUR_S2 Suomalaisten kotitalouksien ostot ulkomailla";"Käypiin hintoihin, miljoonaa euroa";.;.;.;.;.;.;.;.;.;.;.;.;.;.;.;.;.;.;.;.;.;.;.;.;.;.;.;.;.;.;.;.;.;.;.;.;.;.;.;.;.;.;.;.;.;.;.;.;.;.;.;.;.;.;.;.;.;.;.;.;.;.;.;.;.;3181.000;.;.;3181.000;.;.;.;.;.;.;.;.;3181.000;3181.000
"2022";"PUR_F Ulkomaisten kotitalouksien ostot Suomessa";"Käypiin hintoihin, miljoonaa euroa";.;.;.;.;.;.;.;.;.;.;.;.;.;.;.;.;.;.;.;.;.;.;.;.;.;.;.;.;.;.;.;.;.;.;.;.;.;.;.;.;.;.;.;.;.;.;.;.;.;.;.;.;.;.;.;.;.;.;.;.;.;.;.;.;.;-3258.000;.;.;-3258.000;.;.;.;2107.066;1445.214;661.852;1150.934;3258.000;.;.
"2022";"CIF_FOB Cif/Fob-korjaus, vakuutus- ja rahtitulo";"Käypiin hintoihin, miljoonaa euroa";.;.;.;.;.;.;.;.;.;.;.;.;.;.;.;.;.;.;.;.;.;.;.;.;.;.;.;.;.;.;.;.;.;.;.;.;.;.;.;.;.;.;.;.;.;.;.;.;.;.;.;.;.;.;.;.;.;.;.;.;.;.;.;.;.;.;.;.;.;.;.;.;-707.123;-515.769;-191.354;-662.346;-1369.470;-1369.470;-1369.470
"2022";"D21N Tuoteverot miinus tuotetukipalkkiot";"Käypiin hintoihin, miljoonaa euroa";81.679;95.099;5.588;39.351;-305.989;7.667;21.136;69.233;2.185;171.317;51.327;2.365;19.326;15.927;30.872;26.229;18.682;27.368;65.581;8.669;15.940;7.793;9.062;337.025;1.553;22.033;770.303;24.908;78.900;49.979;587.845;40.476;69.546;60.282;6.567;216.661;5.423;16.544;19.675;81.430;602.338;214.856;227.940;215.360;635.569;35.570;16.766;53.693;4.695;10.008;25.271;10.476;0.839;75.226;1297.039;581.002;1078.469;740.446;102.515;184.609;524.169;2.649;26.890;2.916;9544.871;20493.913;.;229.954;20723.867;4639.607;64.517;4704.124;16.955;10.865;6.089;6.183;23.137;25451.129;34996.000
"2022";"FIMUSE_OH Välituotekäyttö/loppukäyttö yhteensä ostajanhintaan";"Käypiin hintoihin, miljoonaa euroa";3922.001;2309.000;123.000;1841.000;10722.000;846.000;6825.000;14386.000;638.999;12132.000;12356.000;703.000;2838.000;2691.000;14637.000;6910.000;9091.000;4868.000;12450.000;1548.000;2550.000;1375.000;2395.000;7108.000;403.000;2291.000;28291.000;3377.000;8198.000;6760.000;7134.001;2231.000;2289.000;6435.000;802.000;5743.000;3418.000;894.000;2214.000;7456.000;4734.999;1460.999;1715.000;5929.000;3873.000;4387.001;3246.000;1102.000;719.000;1100.000;1638.000;1043.999;388.001;3675.000;10269.000;4554.001;9497.999;4740.999;1428.000;1935.000;2506.000;158.000;939.000;12.000;294252.999;129294.999;5210.000;64318.001;198823.000;65640.000;6976.000;72616.000;66156.046;42013.015;24143.030;57023.955;123179.999;394619.000;688872.000
"2022";"D1K Palkansaajakorvaukset, menona";"Käypiin hintoihin, miljoonaa euroa";439.000;579.000;28.000;435.000;1929.000;280.000;1046.000;1227.000;258.000;244.000;921.000;336.000;728.000;688.000;826.000;2160.000;1835.000;1115.000;3318.000;445.000;467.000;529.000;1317.000;1011.000;139.000;623.000;10192.000;2123.000;5248.000;5090.000;3122.000;482.000;360.000;1769.000;531.000;2635.000;1512.000;530.000;765.000;5832.000;1906.000;676.000;863.000;1336.000;.;3471.000;3300.000;1219.000;535.000;636.000;342.000;3278.000;160.000;3540.000;7510.000;9270.000;10428.000;10071.000;974.000;1052.000;1746.000;112.000;373.000;227.000;126139.000;.;.;.;.;.;.;.;.;.;.;.;.;.;.
"2022";"D29N Muut tuotantoverot miinus muut tuotantotukipalkkiot";"Käypiin hintoihin, miljoonaa euroa";-1671.000;-11.000;-1.000;-20.000;-13.000;-3.000;-9.000;-34.000;-1.000;36.000;-12.000;.;-4.000;4.000;-1.000;-24.000;-42.000;-9.000;-32.000;-1.000;-51.000;-9.000;-2.000;555.000;2.000;6.000;26.000;14.000;-5.000;7.000;-28.000;-77.000;-8.000;14.000;1.000;-103.000;-4.000;-31.000;-8.000;-40.000;403.000;1.000;-1.000;755.000;780.000;-3.000;-13.000;-31.000;-4.000;-11.000;4.000;-4.000;-14.000;-3.000;6.000;1.000;-4.000;.;-19.000;-56.000;25.000;-1.000;-4.000;.;218.000;.;.;.;.;.;.;.;.;.;.;.;.;.;.
"2022";"P51CK Kiinteän pääoman kuluminen, menona";"Käypiin hintoihin, miljoonaa euroa";1372.000;512.000;9.000;388.000;609.000;48.000;307.000;1000.000;80.000;309.000;574.000;319.000;198.000;253.000;432.000;385.000;2592.000;358.000;1129.000;117.000;107.000;120.000;133.000;2233.000;279.000;443.000;1237.000;256.000;1043.000;764.000;956.000;214.000;234.000;589.000;83.000;293.000;399.000;384.000;837.000;1085.000;371.000;153.000;72.000;7969.000;8940.000;274.000;354.000;856.000;42.000;61.000;367.000;50.000;26.000;368.000;4226.000;2718.000;994.000;471.000;329.000;474.000;234.000;13.000;91.000;.;52133.000;.;.;.;.;.;.;.;.;.;.;.;.;.;.
"2022";"B13N Toimintaylijäämä / sekatulo, netto";"Käypiin hintoihin, miljoonaa euroa";1782.000;2800.000;127.000;297.000;268.000;123.000;1325.000;1184.000;2.000;623.000;2636.000;996.000;141.000;147.000;1676.000;857.000;951.000;505.000;1538.000;47.000;-41.000;164.000;256.000;2930.000;71.000;482.000;3756.000;667.000;2708.000;1664.000;806.000;212.000;-297.000;504.000;57.000;754.000;1282.000;198.000;722.000;601.000;1442.000;1976.000;238.000;34.000;9078.000;994.000;570.000;-262.000;130.000;256.000;496.000;-229.000;-3.000;3.000;.;63.000;1069.000;160.000;145.000;78.000;-16.000;111.000;705.000;90.000;52649.000;.;.;.;.;.;.;.;.;.;.;.;.;.;.
"2022";"B1GPH Bruttoarvonlisäys perushintaan";"Käypiin hintoihin, miljoonaa euroa";1922.000;3880.000;163.000;1100.000;2793.000;448.000;2669.000;3377.000;339.000;1212.000;4119.000;1651.000;1063.000;1092.000;2933.000;3378.000;5336.000;1969.000;5953.000;608.000;482.000;804.000;1704.000;6729.000;491.000;1554.000;15211.000;3060.000;8994.000;7525.000;4856.000;831.000;289.000;2876.000;672.000;3579.000;3189.000;1081.000;2316.000;7478.000;4122.000;2806.000;1172.000;10094.000;18798.000;4736.000;4211.000;1782.000;703.000;942.000;1209.000;3095.000;169.000;3908.000;11742.000;12052.000;12487.000;10702.000;1429.000;1548.000;1989.000;235.000;1165.000;317.000;231139.000;.;.;.;.;.;.;.;.;.;.;.;.;.;.
"2022";"P1R Tuotos perushintaan";"Käypiin hintoihin, miljoonaa euroa";5844.000;6189.000;286.000;2941.000;13515.000;1294.000;9494.000;17763.000;978.000;13344.000;16475.000;2354.000;3901.000;3783.000;17570.000;10288.000;14427.000;6837.000;18403.000;2156.000;3032.000;2179.000;4099.000;13837.000;894.000;3845.000;43502.000;6437.000;17192.000;14285.000;11990.000;3062.000;2578.000;9311.000;1474.000;9322.000;6607.000;1975.000;4530.000;14934.000;8857.000;4267.000;2887.000;16023.000;22671.000;9123.000;7457.000;2884.000;1422.000;2042.000;2847.000;4139.000;557.000;7583.000;22011.000;16606.000;21985.000;15443.000;2857.000;3483.000;4495.000;393.000;2104.000;329.000;525392.000;.;.;.;.;.;.;.;.;.;.;.;.;.;.
"2022";"P51K Kiinteän pääoman bruttomuodostus, menona";"Käypiin hintoihin, miljoonaa euroa";879.000;421.000;10.000;388.000;709.000;50.000;492.000;1646.000;53.000;131.000;592.000;245.000;185.000;305.000;361.000;517.000;2826.000;372.000;1378.000;47.000;86.000;180.000;143.000;3622.000;419.000;399.000;1440.000;275.000;1037.000;731.000;1300.000;348.000;199.000;609.000;45.000;389.000;366.000;420.000;867.000;1157.000;364.000;111.000;88.000;10851.000;14584.000;398.000;363.000;976.000;43.000;70.000;548.000;59.000;40.000;743.000;4104.000;3396.000;1474.000;552.000;303.000;579.000;180.000;11.000;164.000;.;65640.000;.;.;.;.;.;.;.;.;.;.;.;.;.;.
"2022";"NKANTA Nettokanta";"Käypiin hintoihin, miljoonaa euroa";17828.000;6660.000;110.000;4712.000;6207.000;348.000;2937.000;9378.000;645.000;3483.000;5342.000;2680.000;1716.000;2323.000;4869.000;3150.000;10644.000;1947.000;5829.000;862.000;707.000;820.000;802.000;41251.000;6453.000;7026.000;8250.000;2404.000;7894.000;8028.000;7306.000;2444.000;2260.000;9254.000;454.000;3310.000;1602.000;1869.000;6417.000;4720.000;1101.000;615.000;304.000;221540.000;331283.000;1632.000;1817.000;4176.000;245.000;373.000;2093.000;182.000;332.000;3115.000;83380.000;31496.000;17231.000;11078.000;4005.000;11590.000;4244.000;53.000;618.000;.;947444.000;.;.;.;.;.;.;.;.;.;.;.;.;.;.
"2022";"E1 Työlliset, kotimaa (1000 henkeä)";"Käypiin hintoihin, miljoonaa euroa";63.900;21.400;1.700;7.900;39.800;8.600;21.300;17.300;6.500;2.600;13.400;5.000;13.300;13.000;13.600;45.100;23.300;18.700;50.700;9.600;8.400;13.100;23.000;13.500;2.900;12.500;200.900;51.600;88.300;153.000;83.400;9.000;5.000;32.600;13.200;86.600;19.700;9.400;10.900;83.800;25.600;8.500;10.700;28.500;.;62.500;58.100;16.900;13.600;24.500;8.800;102.300;4.800;98.100;151.800;181.400;220.200;264.700;27.700;29.400;46.800;4.700;26.000;9.700;2742.800;.;.;.;.;.;.;.;.;.;.;.;.;.;.
"2023";"01 Kasvinviljely ja kotieläintalous, riistatalous ja niihin liittyvät palvelut";"Käypiin hintoihin, miljoonaa euroa";1387.806;1.583;.;.;3027.184;.;2.407;.;.;.;0.250;0.028;0.004;0.034;0.001;0.021;.;.;0.001;.;0.031;0.184;7.365;1.109;0.002;0.021;6.254;1.052;5.895;0.009;2.301;0.032;.;0.459;0.005;107.137;.;0.004;0.153;0.747;0.092;0.040;0.071;0.480;0.019;0.908;0.236;0.152;0.228;0.054;1.025;0.023;0.552;2.201;6.581;12.215;5.846;8.681;0.830;1.330;0.452;0.001;0.005;0.159;4594.263;929.970;.;.;929.970;41.680;-75.217;-33.536;127.772;109.638;18.134;124.532;252.304;1148.738;5743.000
"2023";"02 Metsätalous ja puunkorjuu";"Käypiin hintoihin, miljoonaa euroa";6.804;1197.643;0.003;10.497;3.554;0.128;1852.172;2073.368;0.210;0.008;0.252;0.027;0.401;0.327;0.252;1.078;0.295;0.221;0.974;0.141;0.389;0.269;0.889;163.772;0.083;0.282;3.196;2.012;8.140;7.766;1.094;0.639;0.755;2.445;0.408;4.914;0.512;0.271;1.232;2.293;0.470;0.416;0.129;2.746;0.086;1.120;1.300;0.910;0.115;0.185;0.358;0.806;0.025;1.125;4.019;4.969;5.933;5.880;1.015;0.673;0.555;0.058;0.510;0.004;5383.121;384.388;.;0.013;384.401;171.117;646.367;817.484;119.095;35.368;83.726;13.899;132.993;1334.879;6718.000
"2023";"03 Kalastus ja vesiviljely";"Käypiin hintoihin, miljoonaa euroa";0.081;0.090;60.271;.;49.884;.;.;.;.;.;.;.;.;.;.;.;.;.;.;.;.;.;.;0.019;0.001;0.030;1.120;0.126;0.002;.;0.024;0.286;0.001;2.130;.;37.701;.;0.009;0.375;1.706;0.236;0.524;0.185;1.125;0.032;1.906;0.546;0.203;0.557;0.450;2.396;0.088;.;1.276;0.367;0.042;0.029;0.279;0.135;0.242;0.873;0.002;0.012;.;165.364;119.333;.;.;119.333;.;-0.232;-0.232;34.480;28.026;6.454;2.055;36.535;155.636;321.000
"2023";"B Kaivostoiminta ja louhinta (05-09)";"Käypiin hintoihin, miljoonaa euroa";2.901;4.177;0.003;354.921;3.150;0.147;3.301;39.224;0.142;1.858;70.197;0.366;1.144;161.508;173.077;13.525;20.044;25.632;2.018;0.373;0.475;7.061;1.578;215.522;0.520;5.465;162.777;0.756;2.990;4.731;0.365;0.439;0.326;0.861;0.190;1.271;0.935;0.145;0.281;1.791;0.978;0.230;0.083;0.534;0.096;1.829;0.383;0.105;0.134;0.129;0.236;0.106;0.029;1.496;4.740;4.359;1.443;3.507;0.354;1.155;0.168;0.030;0.188;0.003;1308.500;3.792;.;0.107;3.899;18.424;68.485;86.909;747.533;176.443;571.090;694.159;1441.692;1532.500;2841.000
"2023";"10-12 Elintarviketeollisuus ym.";"Käypiin hintoihin, miljoonaa euroa";728.344;11.780;32.444;7.211;2167.510;1.586;14.637;85.853;1.462;3.301;164.375;8.892;3.765;5.532;16.132;10.455;26.246;8.589;39.675;2.935;5.130;3.326;11.571;15.359;0.943;5.328;113.735;19.375;35.072;32.725;7.821;32.033;3.431;153.332;4.005;1254.714;9.792;3.110;40.254;170.877;25.176;26.771;14.928;105.453;3.884;196.452;72.648;19.971;51.307;59.787;196.040;12.870;0.286;112.624;59.638;65.320;37.491;59.018;16.366;26.503;68.606;1.211;4.282;0.012;6499.305;5374.568;.;1.881;5376.449;119.809;-54.214;65.595;1353.736;648.381;705.354;703.916;2057.651;7499.695;13999.000
"2023";"13-15 Tekstiiliteollisuus";"Käypiin hintoihin, miljoonaa euroa";0.091;0.154;0.004;1.874;2.054;32.370;1.944;16.364;1.672;0.295;3.130;5.345;12.285;10.166;1.180;4.542;4.681;3.992;13.921;1.777;2.534;2.530;1.482;15.214;0.150;8.591;63.122;1.344;9.300;3.978;1.384;2.973;0.469;2.321;0.886;3.159;2.715;0.836;2.668;5.952;0.945;0.450;0.435;0.824;0.052;10.234;11.423;1.396;0.976;5.341;7.095;1.877;0.091;10.781;15.200;4.019;10.360;4.950;0.566;1.531;0.624;0.598;0.958;0.008;340.181;301.091;.;1.531;302.622;19.523;-4.933;14.590;367.152;215.031;152.121;173.455;540.607;857.819;1198.000
"2023";"16 Sahatavaran sekä puu- ja korkkituotteiden valmistus (pl. huonekalut); olki- ja punontatuotteiden valmistus";"Käypiin hintoihin, miljoonaa euroa";1.576;2.067;0.020;10.897;13.671;2.151;621.555;421.676;0.905;1.574;7.570;1.226;10.228;18.463;76.366;29.912;11.182;14.319;26.775;7.767;17.056;60.858;2.816;582.882;0.245;44.664;2025.444;5.781;56.038;61.775;1.589;2.308;1.398;11.288;0.991;7.520;4.433;1.136;3.113;16.526;6.193;2.450;1.244;28.428;3.655;21.215;7.003;2.860;3.319;14.214;10.869;1.923;0.142;18.461;17.387;13.149;9.997;12.775;2.586;4.794;3.397;3.087;7.402;0.005;4384.319;51.415;.;0.776;52.192;53.073;-56.408;-3.335;1275.570;998.045;277.525;1466.254;2741.824;2790.681;7175.000
"2023";"17 Paperin, paperi- ja kartonkituotteiden valmistus";"Käypiin hintoihin, miljoonaa euroa";7.879;4.226;0.171;12.670;270.084;8.569;62.152;1930.899;66.084;16.954;161.652;25.126;39.483;27.935;65.645;30.974;44.969;46.496;76.344;11.747;12.715;18.880;14.328;59.555;1.839;25.329;160.001;44.933;181.605;81.527;6.469;11.633;4.756;23.539;4.467;37.080;52.178;14.130;11.779;57.947;19.382;7.527;5.563;26.541;3.122;61.931;32.801;9.652;10.166;21.360;40.176;9.905;0.499;56.909;56.024;37.580;57.012;35.251;11.381;13.554;12.858;3.154;5.834;0.069;4273.001;409.427;.;7.229;416.656;246.308;-141.939;104.370;5234.704;3967.877;1266.826;4973.270;10207.974;10728.999;15002.000
"2023";"18 Painaminen ja tallenteiden jäljentäminen";"Käypiin hintoihin, miljoonaa euroa";0.417;1.103;0.003;0.798;31.197;1.557;2.054;5.265;93.581;0.862;4.083;3.549;3.866;0.859;2.697;3.129;16.981;8.686;7.036;0.413;0.789;1.467;0.696;13.097;0.138;6.579;6.814;24.934;32.466;11.188;1.249;3.595;1.758;20.636;3.393;24.155;164.906;17.026;78.398;84.155;1.452;1.606;2.207;6.850;0.123;39.780;5.113;8.691;4.112;2.776;3.320;2.398;4.191;4.792;17.807;12.902;5.631;3.161;10.732;40.435;2.783;0.764;0.808;0.001;868.011;14.882;.;0.062;14.944;12.260;10.492;22.752;50.320;30.613;19.708;50.972;101.292;138.989;1007.000
"2023";"19 Koksin ja jalostettujen öljytuotteiden valmistus";"Käypiin hintoihin, miljoonaa euroa";78.698;124.921;7.222;102.489;23.362;3.573;16.643;44.966;2.037;379.812;195.499;3.448;3.724;13.529;31.190;5.586;7.782;1.723;16.429;0.932;3.706;0.630;2.577;41.277;1.050;2.237;222.186;46.573;29.375;10.759;1149.543;160.189;281.285;66.158;18.135;1.865;3.467;0.903;2.691;11.476;31.440;4.342;6.851;10.647;0.085;2.491;13.271;2.303;0.218;8.616;11.498;4.363;4.483;32.708;61.713;15.665;7.955;25.996;7.415;18.844;21.593;0.509;15.455;.;3428.107;1428.589;.;.;1428.589;70.246;-73.781;-3.535;4156.317;2833.993;1322.324;1721.521;5877.838;7302.893;10731.000
"2023";"20 Kemikaalien ja kemiallisten tuotteiden valmistus";"Käypiin hintoihin, miljoonaa euroa";118.195;50.251;0.024;19.107;47.885;6.724;81.273;491.029;5.365;699.564;1108.959;44.903;181.373;35.693;118.427;61.528;17.916;18.092;23.430;6.893;7.759;12.733;2.230;25.622;1.785;78.709;173.019;8.606;10.790;12.022;1.199;1.526;1.118;12.246;0.938;5.653;3.820;1.028;1.607;8.672;3.318;0.963;0.561;1.796;0.083;9.662;7.943;1.187;1.360;2.651;32.206;1.095;0.096;19.454;12.926;8.998;23.881;11.895;2.366;4.410;6.532;0.589;11.210;0.158;3673.051;172.359;.;0.816;173.175;198.117;-135.994;62.123;7284.016;4514.182;2769.833;2912.636;10196.651;10431.949;14105.000
"2023";"21 Lääkeaineiden ja lääkkeiden valmistus";"Käypiin hintoihin, miljoonaa euroa";1.791;0.385;0.031;0.939;5.736;0.599;7.042;9.810;0.461;0.550;5.010;13.239;0.933;1.460;6.221;2.237;3.137;3.178;8.912;1.366;1.750;1.200;1.732;5.362;0.191;1.061;18.852;1.378;3.856;3.319;0.462;0.635;0.296;1.663;0.431;4.383;2.238;1.329;1.149;4.562;1.180;0.438;0.342;0.753;0.038;3.329;3.399;1.382;0.629;5.380;1.964;0.552;0.033;2.000;21.460;1.496;90.826;9.120;1.418;1.129;0.678;0.175;0.620;0.006;277.230;64.181;.;138.391;202.573;196.763;22.607;219.370;771.530;594.978;176.553;950.297;1721.828;2143.770;2421.000
"2023";"22 Kumi- ja muovituotteiden valmistus";"Käypiin hintoihin, miljoonaa euroa";0.665;2.355;0.015;9.558;153.363;10.762;34.106;32.498;7.711;1.420;34.273;28.950;123.025;14.981;11.481;27.580;19.807;27.813;58.388;13.041;6.711;20.421;5.333;19.331;0.303;3.085;530.219;12.133;29.330;7.119;9.660;1.739;0.613;25.925;0.939;7.400;2.008;0.861;1.952;5.611;1.673;0.867;0.515;1.518;0.096;3.549;7.654;1.381;0.652;4.191;33.296;1.552;0.051;1.980;21.371;3.090;127.022;11.342;1.482;2.044;1.386;1.703;14.172;0.085;1545.157;141.475;.;0.803;142.278;69.424;27.342;96.766;1211.929;683.426;528.503;696.870;1908.799;2147.843;3693.000
"2023";"23 Muiden ei-metallisten mineraalituotteiden valmistus";"Käypiin hintoihin, miljoonaa euroa";2.090;0.282;0.009;18.701;11.277;3.269;50.460;13.067;3.825;1.883;10.854;1.352;6.950;320.720;49.759;37.727;13.173;6.543;31.812;8.197;18.112;5.709;5.251;13.091;1.962;6.003;1661.033;19.615;22.421;11.464;5.450;2.033;1.358;3.756;2.808;4.137;2.970;0.738;4.636;12.459;2.415;0.917;0.984;2.992;0.130;9.095;23.765;1.880;1.378;16.256;10.623;5.622;0.104;7.347;32.250;21.876;6.261;16.470;1.667;5.509;1.442;0.341;7.101;0.004;2573.387;52.558;.;0.094;52.652;45.857;-28.014;17.844;539.299;371.857;167.443;209.819;749.118;819.613;3393.000
"2023";"24 Metallien jalostus";"Käypiin hintoihin, miljoonaa euroa";2.699;0.620;0.017;9.079;12.968;10.708;11.211;51.659;3.299;5.271;52.146;1.408;21.564;55.538;1481.280;1179.651;35.169;202.044;394.787;57.853;185.865;31.818;36.366;14.420;0.362;10.734;101.107;4.120;20.888;22.320;3.440;2.814;2.126;6.500;2.463;6.248;5.251;0.637;3.941;12.912;4.842;1.316;0.786;3.532;0.316;8.911;14.311;0.881;0.744;8.660;7.044;3.498;0.172;3.928;6.412;2.899;4.138;3.327;1.000;1.485;1.650;0.194;0.822;0.006;4144.180;15.690;.;0.321;16.011;70.641;-270.915;-200.274;7589.310;4831.005;2758.305;2014.773;9604.083;9419.820;13564.000
"2023";"25 Metallituotteiden valmistus (pl. koneet ja laitteet)";"Käypiin hintoihin, miljoonaa euroa";2.836;0.858;0.510;16.475;86.253;2.493;65.897;33.539;1.656;9.881;16.513;2.622;22.450;28.676;824.788;1148.058;46.586;174.348;1517.667;31.284;250.681;39.441;92.828;95.829;5.096;19.539;1641.741;6.843;31.511;17.269;21.717;15.439;2.091;24.506;5.343;10.126;6.072;1.702;9.067;25.546;4.456;2.029;2.196;3.254;0.242;19.508;41.234;3.232;4.616;26.607;25.754;9.408;0.167;16.205;91.799;10.632;9.410;7.394;4.014;6.784;3.003;1.190;5.479;0.036;6654.427;119.766;.;1.158;120.924;526.861;-101.821;425.040;1533.048;835.201;697.847;949.561;2482.610;3028.573;9683.000
"2023";"26 Tietokoneiden sekä elektronisten ja optisten tuotteiden valmistus";"Käypiin hintoihin, miljoonaa euroa";0.903;1.299;0.049;6.812;40.975;2.987;17.131;35.169;8.775;8.840;22.417;7.799;10.894;12.550;30.954;34.404;325.376;59.824;153.582;10.170;27.223;7.370;33.394;38.410;0.695;6.595;63.603;28.336;105.051;78.270;41.712;6.588;9.797;50.837;10.750;24.758;54.555;24.809;80.080;311.303;28.534;9.972;7.106;21.648;0.971;52.705;140.018;16.262;19.320;29.039;23.590;17.080;4.025;50.920;172.261;76.237;208.750;76.983;15.852;18.437;6.300;2.516;5.737;0.015;2799.323;25.312;.;0.560;25.872;1717.919;18.542;1736.461;2316.153;1694.580;621.573;5229.191;7545.345;9307.677;12107.000
"2023";"27 Sähkölaitteiden valmistus";"Käypiin hintoihin, miljoonaa euroa";0.690;0.665;0.029;5.980;15.932;1.503;10.437;19.485;2.143;8.116;9.458;2.407;7.727;10.894;15.064;28.229;107.771;753.621;264.527;16.954;52.025;9.706;105.323;335.522;2.623;11.934;363.543;14.108;33.629;34.291;5.026;4.595;3.397;8.604;4.086;11.233;9.184;1.232;37.022;24.842;8.981;2.406;1.521;3.894;0.230;22.738;23.148;2.454;2.915;14.057;13.383;5.250;0.293;18.412;33.702;6.510;45.009;26.897;2.297;3.659;2.263;0.325;2.095;0.177;2596.173;57.981;.;0.669;58.650;596.558;-6.738;589.820;2354.045;1609.869;744.176;2095.311;4449.357;5097.827;7694.000
"2023";"28 Muiden koneiden ja laitteiden valmistus";"Käypiin hintoihin, miljoonaa euroa";56.870;18.473;5.760;97.975;83.129;10.817;88.688;124.161;6.870;47.039;37.002;12.204;21.577;25.254;107.258;111.425;104.822;116.072;944.639;50.228;69.475;19.389;134.995;300.268;34.707;65.485;551.399;22.372;115.959;84.307;25.071;152.007;8.568;36.623;17.977;53.733;50.904;11.895;31.293;82.496;18.398;6.864;6.062;11.555;0.934;39.301;118.954;7.764;6.524;66.801;53.686;24.924;0.689;33.018;100.170;17.813;46.286;21.668;15.451;13.116;11.942;2.399;10.754;0.060;4574.320;354.309;.;8.769;363.077;1805.650;-98.009;1707.642;5560.959;3765.531;1795.429;7596.002;13156.961;15227.680;19802.000
"2023";"29 Moottoriajoneuvojen, perävaunujen ja puoliperävaunujen valmistus";"Käypiin hintoihin, miljoonaa euroa";0.309;0.142;0.007;0.496;2.433;0.248;2.380;3.748;0.201;0.430;1.018;0.353;0.783;0.630;4.308;3.490;3.009;4.541;331.497;36.089;3.995;0.624;2.168;5.440;0.061;0.350;13.249;4.235;2.932;3.622;2.628;0.491;0.325;11.014;0.189;1.862;1.219;0.316;0.356;2.261;1.134;0.282;0.130;0.480;0.019;2.298;1.394;0.143;0.252;0.206;0.476;0.101;0.032;0.715;1.052;0.416;1.457;0.580;0.384;0.435;0.253;0.061;0.175;0.002;465.926;86.743;.;0.335;87.078;232.356;-7.169;225.186;993.307;654.709;338.598;478.502;1471.810;1784.074;2250.000
"2023";"30 Muiden kulkuneuvojen valmistus";"Käypiin hintoihin, miljoonaa euroa";0.023;0.106;0.659;0.435;3.161;0.312;1.239;3.243;0.230;0.943;1.523;0.466;1.198;0.970;4.698;64.884;5.960;2.511;19.112;4.252;259.350;1.169;14.382;2.517;0.042;0.225;44.117;2.174;6.213;7.825;0.564;24.229;0.718;1.678;0.488;2.258;1.826;0.160;0.662;3.704;1.970;0.481;0.178;0.978;0.041;4.304;1.242;0.236;0.323;0.668;0.843;0.379;0.063;0.911;1.561;0.795;4.335;1.367;0.263;0.432;0.348;0.038;0.166;0.002;512.151;143.238;.;0.020;143.258;41.000;57.330;98.330;406.708;243.976;162.732;2226.554;2633.262;2874.849;3387.000
"2023";"31, 32 Muu valmistus ml. huonekalut";"Käypiin hintoihin, miljoonaa euroa";0.625;0.438;0.009;0.810;4.389;1.105;4.892;4.356;0.413;1.726;2.784;1.774;1.732;1.071;5.089;6.035;3.649;2.490;10.799;1.641;32.730;64.576;1.519;5.127;1.118;8.754;258.632;8.786;6.480;3.319;1.032;0.726;0.297;7.176;0.481;10.830;1.320;1.371;1.234;10.691;10.461;2.700;3.178;3.182;0.059;46.964;12.912;5.468;11.924;13.469;32.098;3.659;0.044;27.763;34.584;9.134;132.677;15.542;5.499;9.770;1.043;0.687;2.709;0.007;867.562;339.669;.;0.449;340.117;226.984;-23.821;203.162;337.832;214.162;123.670;304.326;642.158;1185.438;2053.000
"2023";"33 Koneiden ja laitteiden korjaus, huolto ja asennus";"Käypiin hintoihin, miljoonaa euroa";37.253;11.925;0.112;9.546;47.672;0.320;83.163;213.656;1.933;91.071;20.847;2.194;16.678;10.688;31.918;33.564;36.462;20.320;181.155;7.738;90.857;8.833;258.514;202.494;70.474;83.379;135.225;1.982;37.804;28.779;90.900;4.131;78.434;25.160;10.257;24.376;3.793;0.928;23.376;10.814;1.795;0.731;0.811;1.212;0.146;2.288;24.944;2.908;0.359;14.938;9.849;5.553;0.098;69.362;121.707;4.790;28.769;19.877;2.284;3.298;1.486;0.062;6.925;0.001;2372.920;13.638;.;-0.960;12.678;889.700;-0.905;888.795;395.671;233.432;162.239;537.936;933.607;1835.080;4208.000
"2023";"35 Sähkö-, kaasu- ja lämpöhuolto, jäähdytysliiketoiminta";"Käypiin hintoihin, miljoonaa euroa";103.530;25.231;4.925;194.345;214.607;46.354;189.378;489.124;12.631;54.258;252.929;14.684;87.274;95.445;322.889;114.100;86.729;34.912;105.382;19.468;47.645;16.236;56.913;597.406;14.567;66.433;248.521;76.387;165.135;336.029;66.354;20.758;10.773;77.415;9.753;168.951;42.033;5.211;92.782;74.865;96.813;27.583;31.093;830.248;269.985;34.376;40.046;17.925;2.804;11.654;6.369;3.303;2.113;25.845;395.525;400.597;112.453;331.905;73.951;181.938;249.170;2.098;30.702;2.276;7843.133;4709.902;.;.;4709.902;417.864;-0.510;417.355;278.150;153.153;124.997;155.461;433.611;5560.867;13404.000
"2023";"36 Veden otto, puhdistus ja jakelu";"Käypiin hintoihin, miljoonaa euroa";0.005;0.123;0.003;7.904;29.716;2.729;2.133;5.695;2.340;5.113;6.686;1.802;2.048;4.606;5.246;9.364;8.944;1.638;16.302;0.351;2.724;0.986;2.685;7.165;0.129;2.846;42.697;3.901;10.727;13.876;1.666;3.034;1.174;3.573;1.213;24.318;2.410;0.911;1.717;7.986;6.385;4.706;1.876;52.769;25.003;2.334;15.982;0.749;0.427;0.797;0.734;0.374;0.147;1.621;28.558;12.241;8.678;8.024;1.580;5.250;0.245;0.093;4.159;0.477;431.695;251.127;.;.;251.127;73.722;0.552;74.274;26.455;13.175;13.280;22.449;48.904;374.305;806.000
"2023";"37-39 Jäte- ja jätevesihuolto";"Käypiin hintoihin, miljoonaa euroa";0.065;0.122;0.005;31.826;57.413;3.981;5.782;40.813;2.547;9.277;19.369;2.345;7.387;11.108;126.000;41.520;24.633;8.496;62.658;1.826;37.647;2.446;8.388;251.316;1.391;704.211;212.644;8.125;45.750;127.421;4.079;7.951;2.208;6.379;2.821;67.237;2.312;1.133;1.703;22.175;11.264;4.989;6.235;267.992;153.528;2.794;68.483;2.028;0.374;0.761;1.930;0.344;0.170;62.823;81.763;68.189;98.436;77.077;9.059;22.985;16.723;0.285;8.713;0.002;2941.457;342.182;.;0.020;342.202;48.748;5.986;54.734;213.423;129.444;83.979;142.184;355.607;752.543;3694.000
"2023";"F Rakentaminen (41-43)";"Käypiin hintoihin, miljoonaa euroa";110.306;0.726;0.007;56.790;28.328;2.760;6.772;17.599;1.863;17.468;18.156;1.864;11.085;8.821;23.028;14.384;19.525;6.158;21.453;0.705;0.791;8.155;13.334;506.123;98.102;229.512;4279.396;12.042;104.210;90.940;119.144;22.803;52.003;34.019;7.301;24.055;4.002;0.317;16.095;8.541;31.508;3.908;6.555;962.611;1170.494;7.321;2.809;13.835;0.942;0.164;6.640;0.675;0.271;107.546;885.008;271.756;65.842;94.499;38.431;136.313;0.594;0.070;7.292;0.002;9813.768;71.596;.;663.027;734.623;30624.838;25.790;30650.627;61.095;23.935;37.160;12.887;73.982;31459.232;41273.001
"2023";"45 Moottoriajoneuvojen ja moottoripyörien tukku- ja vähittäiskauppa sekä korjaus";"Käypiin hintoihin, miljoonaa euroa";44.407;80.226;0.010;1.401;5.789;0.541;17.914;5.371;0.517;1.097;2.445;0.591;22.914;4.013;4.299;6.198;7.751;13.885;69.742;0.410;13.143;3.543;21.304;3.071;0.231;12.993;42.589;845.007;96.262;26.331;1604.643;4.041;1.860;29.675;4.351;8.711;3.478;0.599;2.202;7.783;3.507;1.144;0.350;5.716;0.140;7.394;2.166;2.734;0.472;1.856;99.997;1.123;0.296;4.559;98.895;24.760;7.559;40.512;12.568;28.354;75.817;0.123;0.744;0.005;3442.131;2553.718;.;0.107;2553.824;610.233;20.663;630.897;101.826;69.922;31.905;34.322;136.148;3320.869;6763.000
"2023";"46 Tukkukauppa (pl. moottoriajoneuvojen ja moottoripyörien kauppa)";"Käypiin hintoihin, miljoonaa euroa";118.922;66.399;3.956;61.058;304.152;39.944;595.381;699.453;37.617;26.533;117.811;54.134;52.738;96.374;502.877;114.751;97.093;250.016;570.611;114.062;135.202;85.036;126.089;421.952;14.493;89.638;1551.198;96.771;164.910;133.951;180.766;61.877;79.772;127.681;10.285;334.175;139.867;76.314;55.790;231.207;71.863;27.312;23.358;55.887;1.923;194.170;157.164;29.797;48.843;52.834;113.859;17.142;2.606;146.514;217.743;87.932;362.359;113.834;97.065;89.285;49.034;14.892;47.122;0.538;10063.930;3354.294;.;99.480;3453.774;1390.475;67.084;1457.558;1489.976;960.304;529.672;1178.761;2668.738;7580.070;17644.000
"2023";"47 Vähittäiskauppa (pl. moottoriajoneuvojen ja moottoripyörien kauppa)";"Käypiin hintoihin, miljoonaa euroa";16.628;26.968;1.421;14.266;28.434;2.207;8.529;25.374;2.241;5.758;12.014;3.245;6.401;5.057;17.801;8.442;38.702;7.966;21.999;1.702;2.844;4.315;5.619;12.196;0.519;1.824;292.109;21.787;78.796;84.765;113.010;9.619;7.974;27.658;6.112;40.148;16.653;2.329;7.927;38.244;25.198;6.466;3.401;24.218;5.885;33.485;11.517;13.445;2.812;1.546;4.804;4.516;1.497;13.316;56.702;29.649;32.219;32.255;6.149;8.008;8.708;2.840;4.248;2.153;1364.638;11987.366;.;456.161;12443.527;27.593;11.861;39.454;870.905;563.804;307.100;525.476;1396.381;13879.362;15244.000
"2023";"49 Maaliikenne ja putkijohtokuljetus";"Käypiin hintoihin, miljoonaa euroa";5.018;14.908;0.515;66.764;441.868;24.378;271.495;744.136;29.440;141.914;208.284;15.631;70.737;90.764;172.502;96.181;73.151;82.494;272.542;44.182;22.220;35.008;16.700;23.243;2.639;3.181;357.006;33.689;808.496;315.742;1203.431;20.875;6.631;306.593;405.683;56.844;77.740;2.874;8.914;24.890;50.234;28.966;23.140;15.857;1.744;33.278;23.527;19.237;1.357;6.765;13.033;3.509;0.392;13.821;203.872;305.030;124.830;250.274;17.539;26.407;73.926;2.384;178.461;0.005;8016.893;1891.132;.;308.776;2199.908;20.612;-69.660;-49.048;1454.487;871.750;582.737;592.760;2047.247;4198.107;12215.000
"2023";"50 Vesiliikenne";"Käypiin hintoihin, miljoonaa euroa";0.218;0.750;0.021;0.346;5.714;0.521;1.923;4.648;0.486;37.519;4.093;0.959;2.130;6.622;9.545;6.032;5.447;3.532;7.035;0.513;1.145;1.481;1.117;1.655;0.066;3.739;41.119;50.259;73.092;84.099;34.674;13.403;8.647;31.524;1.351;60.022;15.022;0.503;1.679;11.379;13.020;1.442;1.659;2.562;0.201;14.465;1.604;9.318;0.872;0.942;4.991;4.710;13.054;18.931;37.132;19.592;17.296;25.366;1.787;7.558;10.177;0.082;0.446;0.028;741.262;525.786;.;25.781;551.567;2.077;-5.868;-3.791;1085.438;750.804;334.634;799.524;1884.962;2432.738;3174.000
"2023";"51 Ilmaliikenne";"Käypiin hintoihin, miljoonaa euroa";1.525;9.114;0.868;0.028;1.294;0.084;0.293;1.286;0.089;0.282;0.598;0.192;0.371;0.326;0.803;0.362;6.909;0.624;1.409;0.080;0.025;0.196;0.116;0.432;0.006;0.058;19.419;12.706;27.717;23.523;12.002;3.265;113.999;34.467;13.290;42.292;9.800;0.585;7.389;25.579;14.731;5.981;9.791;7.130;1.033;6.320;2.991;4.393;0.184;1.201;0.517;0.807;6.210;4.042;14.491;9.939;7.302;12.701;2.656;11.081;20.257;0.052;0.567;.;517.779;405.489;.;.;405.489;3.000;.;3.000;875.850;611.623;264.228;1344.881;2220.732;2629.221;3147.000
"2023";"52 Varastointi ja liikennettä palveleva toiminta";"Käypiin hintoihin, miljoonaa euroa";0.828;1.750;0.123;71.928;305.826;22.285;278.433;714.210;26.998;65.743;178.035;15.165;72.137;98.333;177.427;122.818;103.575;95.356;329.648;41.888;25.189;40.031;14.420;6.712;0.745;150.694;55.889;60.089;728.042;193.308;157.363;49.409;138.236;2197.529;151.602;14.751;57.646;3.897;4.314;11.867;6.818;4.017;1.749;8.371;0.725;9.755;5.336;2.923;0.698;1.771;3.530;2.887;0.199;8.923;15.748;10.137;15.815;14.766;3.720;4.735;7.821;0.458;23.117;0.008;6938.267;166.759;.;99.060;265.819;27.552;-15.506;12.045;752.237;464.046;288.192;455.631;1207.868;1485.733;8424.000
"2023";"53 Posti- ja kuriiritoiminta";"Käypiin hintoihin, miljoonaa euroa";5.037;13.668;0.527;13.175;71.899;13.159;37.052;89.801;8.038;12.324;54.794;2.676;34.498;31.746;15.646;58.148;50.770;75.186;161.005;15.714;8.290;20.133;17.189;20.543;1.342;0.436;22.642;5.602;144.303;29.617;16.804;24.295;8.794;31.088;22.584;20.411;2.340;2.089;1.136;11.615;18.764;27.696;9.087;23.270;4.510;20.681;1.096;2.722;0.122;0.825;0.516;3.061;0.414;2.553;105.341;12.061;24.625;27.113;8.825;14.519;54.681;0.137;0.658;.;1539.392;77.060;.;.;77.060;2.005;-0.097;1.909;139.005;72.591;66.414;28.635;167.640;246.608;1786.000
"2023";"I Majoitus- ja ravitsemistoiminta (55-56)";"Käypiin hintoihin, miljoonaa euroa";6.626;18.311;0.513;0.216;23.484;0.822;5.453;16.430;4.543;2.040;12.565;6.287;15.925;14.024;5.012;19.942;16.305;20.356;32.492;1.499;0.839;5.996;9.508;6.455;0.089;1.183;72.347;21.246;208.057;57.517;68.687;37.409;130.004;39.116;10.506;391.620;9.438;6.932;4.163;45.147;147.244;30.309;39.776;26.197;2.962;51.381;12.346;21.259;4.243;7.260;6.075;6.296;4.340;11.822;356.444;332.029;223.531;468.075;20.070;22.893;83.573;0.597;4.171;0.001;3232.002;7014.182;.;69.013;7083.195;1.159;0.008;1.168;165.595;106.053;59.542;30.041;195.635;7279.998;10512.000
"2023";"58 Kustannustoiminta";"Käypiin hintoihin, miljoonaa euroa";1.078;1.725;0.051;0.947;31.851;2.368;10.456;51.650;7.654;7.991;7.624;7.692;5.590;5.872;15.104;10.157;36.632;17.234;40.879;1.670;3.143;5.722;7.284;19.380;0.620;3.385;22.743;14.570;79.920;90.392;6.020;4.760;8.795;22.214;4.224;28.914;597.018;12.924;23.178;411.496;75.833;39.003;48.609;11.554;0.637;23.293;11.174;14.031;5.363;4.710;5.566;6.149;2.374;16.272;206.193;167.707;48.462;79.767;120.802;46.846;83.542;0.728;2.452;0.004;2651.998;844.475;.;0.663;845.138;897.697;-58.190;839.507;749.452;571.075;178.376;1741.906;2491.358;4176.002;6828.000
"2023";"59, 60 Audiovisuaalinen toiminta";"Käypiin hintoihin, miljoonaa euroa";0.100;0.236;0.010;0.310;18.400;1.831;5.358;7.457;0.783;2.604;3.992;6.903;2.529;1.873;1.399;5.076;18.076;3.993;6.703;0.473;1.318;4.280;1.335;6.797;0.077;1.171;3.456;9.604;39.207;59.667;1.863;1.938;7.098;1.300;0.340;17.696;37.085;169.689;6.985;29.526;2.656;0.561;0.274;4.594;0.060;6.013;6.286;1.000;39.229;1.125;2.263;0.801;1.505;4.674;8.466;8.175;10.377;8.351;163.243;90.101;1.933;0.654;0.958;.;851.835;198.028;.;549.027;747.054;246.008;-3.293;242.715;66.425;38.517;27.909;53.970;120.395;1110.165;1962.000
"2023";"61 Televiestintä";"Käypiin hintoihin, miljoonaa euroa";2.634;8.721;0.211;6.754;49.947;4.929;12.062;23.090;5.363;7.709;51.663;1.342;26.108;17.316;5.888;36.745;26.077;45.365;98.372;6.728;38.878;11.298;13.828;59.360;0.205;0.627;40.531;7.473;46.846;39.236;16.905;21.838;16.039;19.972;2.569;105.690;4.778;12.746;495.900;81.739;59.721;44.945;51.384;41.738;17.850;46.573;2.435;3.238;0.551;3.611;10.947;7.780;1.007;23.328;137.495;67.838;168.766;134.851;40.145;44.097;104.519;0.159;0.875;0.004;2487.342;1878.006;.;0.127;1878.133;93.487;0.080;93.567;115.575;60.703;54.872;59.383;174.958;2146.658;4634.000
"2023";"62, 63 Tietojenkäsittelypalvelu";"Käypiin hintoihin, miljoonaa euroa";2.605;5.232;0.174;5.684;89.028;4.753;42.343;101.085;8.115;25.188;38.439;15.719;21.068;28.772;60.055;42.548;301.358;42.319;217.947;10.461;37.101;10.524;46.457;94.169;1.254;14.143;97.055;59.169;206.711;157.664;82.300;9.660;25.906;102.281;17.226;37.586;261.251;47.550;156.613;1571.597;150.593;49.079;64.787;56.376;4.530;102.859;106.892;70.620;40.601;46.077;38.928;49.997;8.502;103.682;726.901;322.414;439.955;198.887;71.581;46.114;34.244;4.946;13.490;0.007;6851.174;55.468;.;-23.788;31.680;2222.245;27.241;2249.486;3285.344;1831.465;1453.879;3501.317;6786.660;9067.826;15919.000
"2023";"64 Rahoituspalvelut (pl. vakuutus- ja eläkevakuutustoiminta)";"Käypiin hintoihin, miljoonaa euroa";105.579;97.280;1.409;20.053;69.579;15.537;21.431;85.652;8.148;35.242;37.538;6.704;47.441;35.016;17.744;75.529;130.129;66.874;165.842;13.597;54.611;20.015;31.523;303.612;19.111;13.648;175.230;31.552;131.113;255.041;59.220;28.660;17.751;61.271;25.789;105.341;29.065;5.479;24.440;100.235;787.052;230.000;539.708;771.824;670.112;200.749;27.913;15.399;5.138;12.866;14.216;6.605;4.164;31.983;183.904;50.493;82.681;74.148;22.300;30.156;85.379;0.173;3.951;0.005;6399.952;4079.149;.;.;4079.149;180.000;.;180.000;330.759;114.226;216.533;248.140;578.899;4838.048;11238.000
"2023";"65 Vakuutus-, jälleenvakuutus- ja eläkevakuutustoiminta (pl. pakollinen sosiaalivakuutus)";"Käypiin hintoihin, miljoonaa euroa";19.736;4.767;0.165;7.547;33.181;8.755;11.729;26.875;3.323;11.218;35.668;1.498;29.334;18.029;5.309;39.945;29.448;51.856;98.754;8.861;4.709;13.035;15.002;14.247;0.933;0.208;16.057;22.383;28.115;11.045;23.047;19.862;10.296;1.579;1.366;4.226;0.623;0.600;1.086;6.182;25.063;9.311;14.627;119.066;137.080;11.613;0.139;0.553;0.054;2.425;26.039;0.336;0.136;0.916;50.979;29.663;76.128;64.787;7.480;13.306;18.240;0.042;0.139;.;1248.719;2740.841;.;.;2740.841;8.000;.;8.000;54.747;40.273;14.474;32.693;87.440;2836.281;4085.000
"2023";"66 Rahoitusta ja vakuuttamista palveleva toiminta";"Käypiin hintoihin, miljoonaa euroa";3.097;8.052;0.347;4.672;29.083;7.038;7.258;26.752;2.271;4.295;39.331;1.182;20.240;11.884;4.495;25.124;18.714;38.412;63.865;6.941;3.716;12.596;9.446;8.720;0.733;0.172;16.705;3.536;42.977;33.972;5.179;12.451;17.412;4.596;2.756;15.180;0.816;2.120;1.612;11.732;1447.233;161.557;166.756;20.244;3.347;14.908;0.094;0.704;0.128;0.311;1.864;0.995;0.413;2.834;28.823;4.636;2.545;15.161;6.556;7.950;32.491;0.156;0.566;.;2449.752;305.248;.;.;305.248;87.000;.;87.000;.;.;.;.;.;392.248;2842.000
"2023";"68 pl. 68202 Kiinteistöalan toiminta pl. asuntojen ja asuinkiinteistöjen hallinta";"Käypiin hintoihin, miljoonaa euroa";1.400;8.794;0.354;24.201;80.625;12.228;16.149;13.202;20.455;0.713;24.076;2.069;39.079;13.856;19.367;58.614;29.738;18.949;58.629;10.617;36.876;25.775;66.544;60.098;7.829;18.090;112.169;201.901;503.932;766.270;108.634;63.450;74.997;241.631;40.520;484.514;50.596;26.158;121.883;217.791;44.273;40.812;12.724;337.262;16.874;109.925;126.058;79.765;10.824;18.635;34.102;78.830;2.476;110.396;331.869;361.809;520.882;548.359;81.536;64.073;53.938;5.571;49.902;0.324;6723.995;8184.443;.;1036.033;9220.476;540.209;0.021;540.229;6.015;3.428;2.587;4.285;10.300;9771.005;16495.000
"2023";"68202 Asuntojen ja asuinkiinteistöjen hallinta";"Käypiin hintoihin, miljoonaa euroa";0.012;0.141;0.005;0.390;1.290;0.196;0.255;0.200;0.329;0.009;0.384;0.032;0.628;0.222;0.303;0.942;0.465;0.302;0.936;0.170;0.594;0.414;1.071;0.958;0.125;0.286;1.653;3.204;8.127;12.421;1.750;1.018;1.207;3.891;0.652;7.797;0.797;0.417;1.960;3.630;0.744;0.660;0.202;4.385;0.137;1.761;2.032;1.284;0.174;0.285;0.549;1.271;0.040;1.774;4.716;5.883;8.190;8.599;1.276;0.926;0.879;0.090;0.806;0.006;105.853;23064.147;.;.;23064.147;.;.;.;.;.;.;.;.;23064.147;23170.000
"2023";"69, 70 Liikkeenjohdon palvelut";"Käypiin hintoihin, miljoonaa euroa";4.249;16.296;0.623;10.792;219.497;22.754;39.180;131.936;10.933;29.506;111.628;32.819;62.945;38.035;63.591;72.883;269.024;132.153;182.942;13.648;16.699;40.271;22.971;76.194;2.143;5.483;427.723;117.059;401.362;569.699;30.265;57.293;51.755;75.559;22.848;123.876;159.420;11.672;41.693;239.734;94.016;43.712;30.268;339.993;61.597;1537.750;70.986;17.984;159.327;19.659;31.240;41.447;5.952;62.841;282.848;78.108;112.263;109.717;31.033;50.815;60.682;2.992;6.397;0.002;7210.781;92.710;.;-1.000;91.710;102.250;0.157;102.407;1407.913;684.786;723.128;703.189;2111.102;2305.219;9516.000
"2023";"71 Arkkitehti- ja insinööripalvelut; tekninen testaus ja analysointi";"Käypiin hintoihin, miljoonaa euroa";4.869;1.484;0.012;58.998;7.838;0.779;139.071;20.137;0.583;0.582;36.412;5.368;6.928;10.433;8.601;102.694;165.220;22.485;354.586;5.970;213.385;2.383;70.665;45.329;6.661;9.258;2895.412;12.621;29.694;23.802;11.884;14.658;5.276;14.771;8.378;15.864;2.704;0.720;2.746;42.703;1.616;0.754;0.282;7.694;0.118;3.661;989.256;37.136;1.022;2.061;8.178;2.585;0.187;8.571;336.841;62.932;23.765;27.224;6.159;4.644;0.905;0.130;0.777;0.006;5908.467;205.502;.;116.364;321.866;557.403;5.228;562.631;420.862;249.060;171.802;403.174;824.036;1708.533;7617.000
"2023";"72 Tieteellinen tutkimus ja kehittäminen";"Käypiin hintoihin, miljoonaa euroa";0.016;0.111;0.004;0.140;3.049;0.196;0.594;9.279;0.161;3.284;1.234;9.249;0.576;0.598;1.467;0.761;404.892;15.409;2.794;0.145;0.236;0.391;0.538;1.089;0.032;0.145;1.227;1.870;6.897;8.456;1.045;0.767;0.636;1.756;0.464;2.260;1.818;0.316;1.001;48.430;1.641;0.495;0.231;1.226;0.100;4.257;0.818;7.655;0.359;1.470;0.319;0.341;0.085;0.965;4.812;6.849;4.684;3.078;0.721;1.422;2.242;0.225;0.335;0.001;577.667;8.169;41.000;1098.000;1147.169;557.205;0.185;557.390;171.817;125.122;46.695;408.957;580.774;2285.333;2863.000
"2023";"73 Mainostoiminta ja markkinatutkimus";"Käypiin hintoihin, miljoonaa euroa";0.871;0.820;0.030;1.082;52.967;5.349;18.967;23.643;1.124;7.139;11.010;20.068;7.170;5.623;5.534;14.590;48.835;10.545;19.718;2.046;4.659;12.720;4.166;21.503;0.305;3.928;15.769;27.532;110.445;167.555;5.241;5.160;20.164;3.505;0.656;33.810;102.594;6.642;20.175;73.869;7.856;1.212;0.575;13.008;0.172;15.685;19.015;2.886;9.523;3.564;7.086;2.319;3.899;12.678;12.233;5.419;18.719;4.865;6.591;16.816;2.303;1.965;2.789;0.004;1068.708;23.719;.;0.756;24.475;30.847;-0.240;30.608;163.565;106.763;56.802;105.645;269.210;324.292;1393.000
"2023";"74, 75 Muut liike-elämän palvelut ja eläinlääkintä";"Käypiin hintoihin, miljoonaa euroa";43.696;13.846;0.117;0.154;4.355;0.712;1.761;3.307;1.909;0.741;1.755;0.709;1.319;2.639;2.602;3.575;21.468;1.851;10.526;0.860;0.611;0.753;1.377;2.917;0.085;0.181;47.239;11.998;131.795;20.850;6.707;3.909;6.958;4.640;3.919;6.631;3.897;13.275;50.072;43.536;21.801;8.253;13.527;12.679;3.804;5.894;3.191;12.491;19.150;220.198;106.558;55.932;0.079;138.192;230.373;62.568;86.385;77.666;17.588;23.498;29.413;0.076;0.401;0.001;1628.975;391.856;.;62.008;453.864;22.855;-0.040;22.815;23.957;14.675;9.281;19.390;43.347;520.025;2149.000
"2023";"77 Vuokraus- ja leasingtoiminta";"Käypiin hintoihin, miljoonaa euroa";22.049;0.424;0.023;6.310;39.990;3.855;22.061;18.862;8.422;0.607;22.241;2.622;13.815;9.222;6.333;13.930;15.110;14.817;46.275;4.364;8.262;10.674;24.819;23.022;1.705;6.283;728.184;44.118;128.308;171.250;48.432;17.095;20.228;74.432;14.093;108.395;20.276;7.489;31.056;95.924;12.370;8.035;0.532;47.277;0.168;35.159;39.788;12.406;3.484;7.560;11.690;15.404;0.570;40.488;185.182;73.584;172.508;123.648;25.182;18.189;2.504;1.236;54.796;0.001;2747.141;261.160;.;0.141;261.301;18.654;0.088;18.742;147.623;89.139;58.484;188.193;335.816;615.859;3363.000
"2023";"78 Työllistämistoiminta";"Käypiin hintoihin, miljoonaa euroa";1.050;1.154;0.081;0.432;71.931;18.579;47.200;9.892;9.945;0.678;10.105;20.737;27.664;36.717;28.520;136.453;26.588;43.290;193.319;36.034;18.502;12.783;42.865;24.982;1.037;7.743;402.018;66.027;146.097;387.775;54.127;26.351;24.110;83.075;47.539;304.666;16.733;3.239;43.388;107.417;4.249;5.015;3.440;7.910;1.366;2.402;26.162;2.020;1.986;27.955;69.058;231.137;1.920;55.232;39.813;26.611;363.546;299.833;4.058;6.268;6.434;8.085;50.278;.;3785.622;0.743;.;299.416;300.159;28.489;-0.010;28.479;3.287;1.682;1.605;2.453;5.740;334.378;4120.000
"2023";"79 Matkatoimistojen ja matkanjärjestäjien toiminta; varauspalvelut";"Käypiin hintoihin, miljoonaa euroa";0.125;3.512;0.081;0.031;0.433;0.034;0.098;0.381;0.037;0.088;0.187;0.042;0.103;0.065;0.275;0.131;0.623;0.115;0.330;0.022;0.041;0.067;0.084;0.186;0.009;0.273;6.035;20.075;10.418;11.222;32.677;1.915;5.391;12.821;6.740;47.043;7.826;0.047;0.809;27.621;36.649;2.234;2.915;7.561;0.137;26.097;0.550;1.855;0.054;0.359;0.519;0.903;243.768;7.930;20.829;5.137;5.878;9.702;3.589;4.174;9.937;0.013;0.172;.;588.974;184.662;.;.;184.662;.;.;.;1.676;0.788;0.888;0.688;2.364;187.026;776.000
"2023";"80-82 Muut tukipalvelut";"Käypiin hintoihin, miljoonaa euroa";5.337;13.613;0.583;10.627;78.972;11.868;19.155;36.696;9.423;22.585;55.431;8.285;37.023;46.610;11.807;51.763;63.363;58.746;100.604;13.621;40.569;22.988;23.771;43.151;6.027;7.641;400.491;78.576;493.454;329.670;67.617;60.982;58.549;105.818;12.640;168.500;52.734;11.775;75.366;89.457;53.526;35.757;26.138;781.846;435.677;43.171;28.677;23.655;3.849;178.515;318.233;235.478;2.402;1252.035;343.946;184.965;306.295;266.766;39.209;61.572;57.076;1.754;13.106;0.002;7499.542;145.100;.;23.783;168.884;65.672;-6.753;58.918;87.124;52.158;34.967;70.532;157.656;385.458;7885.000
"2023";"84 Julkinen hallinto ja maanpuolustus; pakollinen sosiaalivakuutus";"Käypiin hintoihin, miljoonaa euroa";11.780;36.707;0.748;19.751;117.710;22.245;41.569;109.276;20.013;9.630;65.584;5.476;78.779;60.539;18.114;113.999;87.555;106.392;201.414;18.402;12.267;37.549;41.054;50.779;3.089;20.082;130.885;40.698;158.454;179.121;127.442;43.655;41.545;55.103;15.145;105.109;11.814;7.746;23.679;93.089;71.949;40.886;23.879;133.284;50.141;70.512;30.943;36.773;2.094;4.489;7.864;18.497;1.116;31.163;613.262;118.785;166.059;184.823;32.032;37.615;98.527;1.189;10.352;0.061;4130.284;705.252;71.504;17239.621;18016.377;169.000;.;169.000;57.990;34.517;23.473;57.350;115.340;18300.716;22431.000
"2023";"85 Koulutus";"Käypiin hintoihin, miljoonaa euroa";0.813;2.208;0.048;0.783;6.799;0.611;0.772;1.430;0.291;0.319;9.535;7.361;3.279;13.682;3.790;5.790;167.906;28.415;26.105;1.605;0.904;2.453;0.916;4.591;0.033;0.682;7.807;22.321;35.598;42.271;18.599;3.297;0.658;4.643;6.564;6.862;0.865;1.184;0.662;13.893;13.369;6.942;6.811;7.241;3.983;7.338;2.039;182.256;0.211;3.162;0.297;0.759;0.043;0.977;109.417;590.145;134.040;75.650;24.149;49.207;123.202;0.032;0.266;0.001;1797.883;398.059;803.000;13458.083;14659.142;1834.239;0.012;1834.251;8.542;4.026;4.516;33.181;41.724;16535.117;18333.000
"2023";"86 Terveyspalvelut";"Käypiin hintoihin, miljoonaa euroa";0.030;0.365;0.006;0.313;2.937;0.271;0.746;2.277;0.318;0.507;1.248;0.271;0.814;0.486;1.665;1.109;3.985;0.843;2.411;0.214;0.482;0.537;0.859;1.458;0.092;0.298;3.307;2.981;11.217;12.863;2.327;3.901;2.171;5.984;2.682;6.263;2.135;0.436;1.802;14.672;18.812;4.429;7.090;3.766;0.526;3.891;2.327;8.310;0.325;2.808;0.593;4.845;0.111;2.709;89.389;82.519;3227.568;235.755;4.699;5.390;2.205;0.084;0.587;0.004;3806.025;3475.529;52.274;16396.327;19924.131;156.278;0.104;156.382;27.364;11.145;16.219;28.098;55.462;20135.975;23942.000
"2023";"87, 88  Sosiaalipalvelut";"Käypiin hintoihin, miljoonaa euroa";0.056;0.348;0.014;0.751;2.580;0.390;0.523;0.478;0.642;0.047;0.866;0.076;1.273;0.490;0.615;1.897;1.027;0.710;2.000;0.357;1.135;0.823;2.067;1.884;0.241;0.554;3.527;6.210;15.867;23.869;3.535;2.144;2.374;7.564;1.267;15.570;1.576;0.812;3.738;7.056;1.778;1.372;0.518;10.329;1.445;3.489;3.883;2.557;0.338;0.626;1.128;2.811;0.079;5.240;42.670;12.419;36.710;186.876;2.587;2.014;1.928;0.172;1.551;0.011;439.485;2638.329;583.221;14826.314;18047.863;12.000;-0.015;11.985;0.539;0.323;0.216;0.128;0.667;18060.515;18500.001
"2023";"90-92 Kulttuuritoiminta ja rahapelit";"Käypiin hintoihin, miljoonaa euroa";0.004;0.198;0.006;0.059;3.513;0.109;0.850;2.590;0.605;0.413;1.900;0.757;1.996;1.665;1.266;2.800;3.353;2.128;5.085;0.058;0.163;0.752;1.357;1.268;0.013;0.209;2.902;15.032;88.293;52.865;12.634;44.395;0.442;2.800;0.813;55.665;6.510;9.251;5.696;17.256;0.971;0.229;0.175;5.803;0.019;5.836;5.423;2.458;0.673;0.606;0.765;0.783;0.147;1.488;19.386;22.855;14.297;11.427;31.680;38.641;0.158;0.015;0.470;0.001;511.976;992.765;345.000;888.985;2226.750;285.781;48.532;334.313;22.033;11.629;10.404;31.928;53.961;2615.024;3127.000
"2023";"93 Urheilutoiminta sekä huvi- ja virkistyspalvelut";"Käypiin hintoihin, miljoonaa euroa";0.525;3.189;0.109;0.277;4.796;0.233;1.138;2.402;0.887;0.375;2.169;1.048;2.653;1.981;0.975;3.914;3.109;2.463;6.041;0.162;0.587;1.189;2.297;1.900;0.087;0.503;13.341;5.559;38.821;15.645;9.398;2.038;1.681;5.500;3.049;73.723;3.070;0.901;2.089;10.210;8.785;4.314;3.281;6.943;0.543;8.844;3.604;2.788;1.003;1.180;1.382;1.769;0.273;3.087;20.101;15.015;12.707;13.244;6.598;168.110;7.395;0.097;1.484;0.006;522.587;1870.487;301.000;1188.907;3360.393;1.000;0.082;1.082;17.592;11.897;5.695;9.345;26.937;3388.412;3910.999
"2023";"94 Järjestöjen toiminta";"Käypiin hintoihin, miljoonaa euroa";1.846;5.683;0.175;2.045;7.846;1.087;1.422;1.483;1.658;0.170;3.907;1.683;3.743;3.888;1.838;5.658;6.128;7.312;10.009;1.153;3.048;2.525;5.367;5.636;0.611;1.526;31.682;21.199;63.078;84.589;18.209;10.154;9.211;21.915;8.608;58.076;5.151;3.248;10.132;43.331;34.724;10.033;19.168;29.293;2.270;41.319;10.554;44.141;0.933;2.668;2.927;8.432;0.397;11.702;62.459;100.388;72.101;65.362;13.907;30.312;42.330;0.469;4.198;0.028;1086.143;425.805;2845.000;2.000;3272.805;25.000;.;25.000;2.846;1.330;1.516;7.206;10.052;3307.857;4394.000
"2023";"95 Tietokoneiden, henkilökohtaisten ja kotitaloustavaroiden korjaus";"Käypiin hintoihin, miljoonaa euroa";4.794;8.613;0.015;0.016;3.004;0.160;1.320;0.799;0.174;0.567;0.961;0.607;0.566;1.380;0.345;0.967;1.957;0.635;1.590;0.209;0.483;0.290;1.170;0.547;0.032;0.086;1.575;0.075;22.818;0.295;0.012;0.068;0.115;0.040;0.011;0.142;0.074;0.009;0.011;5.329;2.691;0.883;0.326;10.386;2.464;1.057;5.365;12.425;1.179;0.092;0.015;0.400;0.440;0.742;43.092;12.061;7.690;4.375;0.477;0.631;1.079;4.595;0.059;0.005;174.391;196.293;.;1.048;197.342;12.000;0.021;12.021;2.342;1.554;0.787;1.905;4.246;213.609;388.000
"2023";"96 Muut henkilökohtaiset palvelut";"Käypiin hintoihin, miljoonaa euroa";0.014;0.034;1.091;0.034;0.256;0.050;0.080;0.219;0.013;0.047;0.223;0.068;0.092;0.081;0.230;0.292;0.510;0.082;9.799;4.422;0.037;0.032;0.029;0.108;0.002;0.008;5.826;43.349;93.955;103.908;0.094;0.122;0.050;0.410;0.094;96.937;0.329;0.276;0.130;0.729;0.282;0.083;0.066;2.530;0.026;0.465;0.421;0.517;0.026;1.527;0.391;0.061;0.004;0.544;29.684;26.265;43.768;39.935;4.836;66.963;0.124;0.003;111.614;0.009;694.206;1507.284;.;-8.141;1499.143;2.000;0.037;2.037;24.406;19.667;4.740;53.208;77.614;1578.794;2273.000
"2023";"97, 98 Kotitalouspalvelut";"Käypiin hintoihin, miljoonaa euroa";.;.;.;.;.;.;.;.;.;.;.;.;.;.;.;.;.;.;.;.;.;.;.;.;.;.;.;.;.;.;.;.;.;.;.;.;.;.;.;.;.;.;.;.;.;.;.;.;.;.;.;.;.;.;.;.;.;.;.;.;.;.;.;.;.;295.000;.;.;295.000;.;.;.;.;.;.;.;.;295.000;295.000
"2023";"P1_USE Kotimaisten tuotteiden käyttö yhteensä perushintaan";"Käypiin hintoihin, miljoonaa euroa";3091.028;1937.393;126.764;1400.467;8656.809;408.610;4918.871;9218.028;461.906;1832.976;3392.706;447.646;1320.185;1591.693;4728.096;4278.162;3275.842;2835.370;7723.231;677.005;1850.078;794.593;1469.579;4903.391;311.801;1777.739;21168.515;2419.877;6516.762;5676.916;5718.483;1171.360;1396.207;4384.645;987.431;4936.386;2148.392;544.987;1691.032;4798.804;3653.125;999.405;1252.431;5319.057;3067.776;3314.794;2436.733;828.696;493.879;972.751;1483.537;938.451;329.966;2849.146;7557.637;4424.063;8138.434;4751.215;1168.769;1668.743;1664.572;79.455;746.588;6.811;195135.803;99123.192;5042.000;69039.124;173204.316;48775.468;-175.397;48600.071;59474.725;38160.872;21313.852;49215.086;108689.811;330494.198;525630.001
"2023";"P7_USE Tuontituotteiden käyttö yhteensä";"Käypiin hintoihin, miljoonaa euroa";617.338;425.053;19.418;334.897;2483.155;362.046;756.323;3272.693;181.071;7477.470;7132.745;390.151;1244.281;679.423;6732.865;1982.682;4590.232;2353.182;5118.121;892.503;913.652;508.382;908.852;1523.802;70.171;429.888;4543.046;1048.904;1793.345;1548.936;665.895;1079.206;936.023;1103.875;206.368;1246.739;1302.364;281.259;486.795;2907.189;615.374;279.041;263.318;380.422;54.625;1295.317;791.967;213.478;191.682;208.521;599.548;79.021;195.910;977.058;1560.442;581.851;1602.733;680.606;313.467;334.574;268.515;73.245;214.670;2.339;82328.062;14931.461;.;878.375;15809.836;10999.549;-902.608;10096.940;2975.882;2019.355;956.527;2468.273;5444.156;31350.932;113678.994
"2023";"PUR_S2 Suomalaisten kotitalouksien ostot ulkomailla";"Käypiin hintoihin, miljoonaa euroa";.;.;.;.;.;.;.;.;.;.;.;.;.;.;.;.;.;.;.;.;.;.;.;.;.;.;.;.;.;.;.;.;.;.;.;.;.;.;.;.;.;.;.;.;.;.;.;.;.;.;.;.;.;.;.;.;.;.;.;.;.;.;.;.;.;4168.000;.;.;4168.000;.;.;.;.;.;.;.;.;4168.000;4168.000
"2023";"PUR_F Ulkomaisten kotitalouksien ostot Suomessa";"Käypiin hintoihin, miljoonaa euroa";.;.;.;.;.;.;.;.;.;.;.;.;.;.;.;.;.;.;.;.;.;.;.;.;.;.;.;.;.;.;.;.;.;.;.;.;.;.;.;.;.;.;.;.;.;.;.;.;.;.;.;.;.;.;.;.;.;.;.;.;.;.;.;.;.;-3759.000;.;.;-3759.000;.;.;.;2193.983;1738.879;455.104;1565.017;3759.000;.;.
"2023";"CIF_FOB Cif/Fob-korjaus, vakuutus- ja rahtitulo";"Käypiin hintoihin, miljoonaa euroa";.;.;.;.;.;.;.;.;.;.;.;.;.;.;.;.;.;.;.;.;.;.;.;.;.;.;.;.;.;.;.;.;.;.;.;.;.;.;.;.;.;.;.;.;.;.;.;.;.;.;.;.;.;.;.;.;.;.;.;.;.;.;.;.;.;.;.;.;.;.;.;.;-628.859;-461.831;-167.028;-520.136;-1148.995;-1148.995;-1148.995
"2023";"D21N Tuoteverot miinus tuotetukipalkkiot";"Käypiin hintoihin, miljoonaa euroa";96.634;97.554;6.818;56.636;-340.964;6.343;24.806;41.279;2.024;103.554;42.549;2.203;18.534;15.884;22.039;23.156;14.926;27.448;52.648;8.492;8.270;7.025;10.569;257.807;3.028;19.373;640.439;29.218;72.893;44.148;717.622;41.434;72.770;65.481;12.201;216.875;6.244;14.754;15.173;84.007;605.501;208.554;210.251;244.521;655.599;35.889;15.301;53.826;5.438;9.727;29.915;10.528;4.124;47.796;1019.922;396.086;1290.834;792.179;84.764;176.683;452.913;3.300;26.741;2.850;9045.134;20454.347;.;212.501;20666.848;4103.983;52.006;4155.989;11.267;7.722;3.545;4.762;16.029;24838.866;33884.000
"2023";"FIMUSE_OH Välituotekäyttö/loppukäyttö yhteensä ostajanhintaan";"Käypiin hintoihin, miljoonaa euroa";3805.000;2460.000;153.000;1792.000;10799.000;776.999;5700.000;12532.000;645.001;9414.000;10568.000;840.000;2583.000;2287.000;11483.000;6284.000;7881.000;5216.000;12894.000;1578.000;2772.000;1310.000;2389.000;6685.000;385.000;2227.000;26352.000;3497.999;8383.000;7270.000;7102.000;2292.000;2405.000;5554.001;1206.000;6400.000;3457.000;841.000;2193.000;7790.000;4874.000;1487.000;1726.000;5944.000;3778.000;4646.000;3244.001;1096.000;690.999;1190.999;2113.000;1028.000;530.000;3874.000;10138.001;5402.000;11032.001;6224.000;1567.000;2180.000;2386.000;156.000;987.999;12.000;286508.999;134918.000;5042.000;70130.000;210090.000;63879.000;-1025.999;62853.000;64026.998;41464.997;22562.000;52733.002;116760.001;389703.001;676212.000
"2023";"D1K Palkansaajakorvaukset, menona";"Käypiin hintoihin, miljoonaa euroa";413.000;606.000;32.000;443.000;1992.000;277.000;978.000;1450.000;269.000;300.000;954.000;372.000;750.000;666.000;872.000;2218.000;1951.000;1258.000;3538.000;421.000;511.000;526.000;1420.000;1068.000;152.000;644.000;10052.000;2191.000;5395.000;5197.000;3164.000;506.000;432.000;1825.000;532.000;2957.000;1526.000;559.000;834.000;6245.000;1992.000;723.000;938.000;1317.000;.;3580.000;3420.000;1354.000;530.000;653.000;374.000;3302.000;174.000;3921.000;7813.000;10030.000;10588.000;11392.000;1046.000;1153.000;1819.000;109.000;409.000;232.000;132365.000;.;.;.;.;.;.;.;.;.;.;.;.;.;.
"2023";"D29N Muut tuotantoverot miinus muut tuotantotukipalkkiot";"Käypiin hintoihin, miljoonaa euroa";-1485.000;-7.000;-8.000;-5.000;-8.000;-2.000;-1.000;-64.000;-1.000;58.000;-15.000;-2.000;-4.000;-1.000;2.000;-7.000;-32.000;-12.000;-36.000;-2.000;-51.000;-3.000;-1.000;437.000;5.000;12.000;19.000;8.000;-2.000;9.000;32.000;-68.000;57.000;.;-9.000;-6.000;-6.000;-28.000;-17.000;-37.000;342.000;2.000;.;638.000;803.000;-5.000;-6.000;-24.000;-1.000;-2.000;5.000;-4.000;.;6.000;27.000;1.000;-3.000;6.000;-13.000;-32.000;32.000;.;-1.000;.;490.000;.;.;.;.;.;.;.;.;.;.;.;.;.;.
"2023";"P51CK Kiinteän pääoman kuluminen, menona";"Käypiin hintoihin, miljoonaa euroa";1407.000;516.000;10.000;407.000;647.000;51.000;345.000;1119.000;84.000;322.000;614.000;326.000;207.000;275.000;451.000;415.000;2779.000;386.000;1201.000;124.000;110.000;133.000;133.000;2454.000;299.000;470.000;1349.000;271.000;1081.000;810.000;1035.000;207.000;253.000;627.000;80.000;316.000;438.000;401.000;859.000;1156.000;383.000;161.000;77.000;8495.000;9635.000;297.000;378.000;896.000;46.000;64.000;422.000;52.000;29.000;399.000;4453.000;2850.000;1109.000;497.000;339.000;510.000;244.000;13.000;107.000;.;55624.000;.;.;.;.;.;.;.;.;.;.;.;.;.;.
"2023";"B13N Toimintaylijäämä / sekatulo, netto";"Käypiin hintoihin, miljoonaa euroa";1603.000;3143.000;134.000;204.000;569.000;95.000;153.000;-35.000;10.000;637.000;1984.000;885.000;157.000;166.000;756.000;773.000;-472.000;846.000;2205.000;129.000;45.000;87.000;267.000;2760.000;-35.000;341.000;3501.000;795.000;2787.000;1958.000;882.000;237.000;.;418.000;-23.000;845.000;1413.000;189.000;765.000;765.000;3647.000;1712.000;101.000;101.000;8954.000;998.000;581.000;-459.000;127.000;243.000;449.000;-258.000;43.000;-315.000;.;50.000;1216.000;381.000;188.000;100.000;-87.000;110.000;770.000;51.000;50642.000;.;.;.;.;.;.;.;.;.;.;.;.;.;.
"2023";"B1GPH Bruttoarvonlisäys perushintaan";"Käypiin hintoihin, miljoonaa euroa";1938.000;4258.000;168.000;1049.000;3200.000;421.000;1475.000;2470.000;362.000;1317.000;3537.000;1581.000;1110.000;1106.000;2081.000;3399.000;4226.000;2478.000;6908.000;672.000;615.000;743.000;1819.000;6719.000;421.000;1467.000;14921.000;3265.000;9261.000;7974.000;5113.000;882.000;742.000;2870.000;580.000;4112.000;3371.000;1121.000;2441.000;8129.000;6364.000;2598.000;1116.000;10551.000;19392.000;4870.000;4373.000;1767.000;702.000;958.000;1250.000;3092.000;246.000;4011.000;12293.000;12931.000;12910.000;12276.000;1560.000;1731.000;2008.000;232.000;1285.000;283.000;239121.000;.;.;.;.;.;.;.;.;.;.;.;.;.;.
"2023";"P1R Tuotos perushintaan";"Käypiin hintoihin, miljoonaa euroa";5743.000;6718.000;321.000;2841.000;13999.000;1198.000;7175.000;15002.000;1007.000;10731.000;14105.000;2421.000;3693.000;3393.000;13564.000;9683.000;12107.000;7694.000;19802.000;2250.000;3387.000;2053.000;4208.000;13404.000;806.000;3694.000;41273.000;6763.000;17644.000;15244.000;12215.000;3174.000;3147.000;8424.000;1786.000;10512.000;6828.000;1962.000;4634.000;15919.000;11238.000;4085.000;2842.000;16495.000;23170.000;9516.000;7617.000;2863.000;1393.000;2149.000;3363.000;4120.000;776.000;7885.000;22431.000;18333.000;23942.000;18500.000;3127.000;3911.000;4394.000;388.000;2273.000;295.000;525630.000;.;.;.;.;.;.;.;.;.;.;.;.;.;.
"2023";"P51K Kiinteän pääoman bruttomuodostus, menona";"Käypiin hintoihin, miljoonaa euroa";811.000;509.000;44.000;572.000;737.000;55.000;462.000;1548.000;44.000;249.000;729.000;350.000;218.000;334.000;373.000;493.000;3015.000;504.000;1123.000;176.000;97.000;209.000;140.000;3821.000;437.000;418.000;1733.000;274.000;1101.000;946.000;934.000;371.000;459.000;533.000;48.000;391.000;630.000;452.000;860.000;1327.000;387.000;113.000;92.000;9062.000;12485.000;419.000;517.000;934.000;52.000;63.000;558.000;55.000;50.000;619.000;4793.000;3106.000;1070.000;521.000;328.000;763.000;192.000;16.000;157.000;.;63879.000;.;.;.;.;.;.;.;.;.;.;.;.;.;.
"2023";"NKANTA Nettokanta";"Käypiin hintoihin, miljoonaa euroa";18002.000;6640.000;149.000;5051.000;6576.000;367.000;3233.000;10316.000;645.000;3595.000;5717.000;2804.000;1814.000;2514.000;5005.000;3358.000;11289.000;2147.000;5994.000;960.000;729.000;940.000;850.000;44956.000;6941.000;7338.000;9007.000;2514.000;8268.000;8524.000;7582.000;2714.000;2494.000;9606.000;442.000;3522.000;1874.000;1988.000;6699.000;5088.000;1139.000;592.000;330.000;233459.000;353895.000;1821.000;2023.000;4376.000;260.000;386.000;2320.000;189.000;366.000;3452.000;87716.000;33039.000;18073.000;11571.000;4159.000;12396.000;4371.000;57.000;690.000;.;1004932.000;.;.;.;.;.;.;.;.;.;.;.;.;.;.
"2023";"E1 Työlliset, kotimaa (1000 henkeä)";"Käypiin hintoihin, miljoonaa euroa";58.300;22.900;1.700;7.800;39.700;8.300;19.700;18.200;6.600;3.100;13.200;5.200;13.100;12.200;13.700;44.700;24.100;19.800;52.200;8.600;8.900;12.700;23.300;13.900;3.000;12.500;193.100;51.800;87.500;150.200;82.800;9.100;5.000;33.100;13.100;92.700;20.100;9.300;10.800;86.000;25.600;8.800;11.600;28.400;.;62.300;57.700;17.500;13.600;24.000;8.800;104.500;5.000;99.100;149.100;191.100;212.800;285.600;30.200;31.300;49.000;4.300;28.100;9.600;2770.000;.;.;.;.;.;.;.;.;.;.;.;.;.;.
