"14yq -- Tuotoksen panoskertoimet, vuosittain, 2021-2023"

"Vuosi";"Toimiala, taloustoimi, lisätietoja";"Tiedot";"Yhteensä";"01 Kasvinviljely ja kotieläintalous, riistatalous ja niihin liittyvät palvelut";"02 Metsätalous ja puunkorjuu";"03 Kalastus ja vesiviljely";"B Kaivostoiminta ja louhinta (05-09)";"10-12 Elintarviketeollisuus ym.";"13-15 Tekstiiliteollisuus";"16 Sahatavaran sekä puu- ja korkkituotteiden valmistus (pl. huonekalut); olki- ja punontatuotteiden valmistus";"17 Paperin, paperi- ja kartonkituotteiden valmistus";"18 Painaminen ja tallenteiden jäljentäminen";"19 Koksin ja jalostettujen öljytuotteiden valmistus";"20 Kemikaalien ja kemiallisten tuotteiden valmistus";"21 Lääkeaineiden ja lääkkeiden valmistus";"22 Kumi- ja muovituotteiden valmistus";"23 Muiden ei-metallisten mineraalituotteiden valmistus";"24 Metallien jalostus";"25 Metallituotteiden valmistus (pl. koneet ja laitteet)";"26 Tietokoneiden sekä elektronisten ja optisten tuotteiden valmistus";"27 Sähkölaitteiden valmistus";"28 Muiden koneiden ja laitteiden valmistus";"29 Moottoriajoneuvojen, perävaunujen ja puoliperävaunujen valmistus";"30 Muiden kulkuneuvojen valmistus";"31, 32 Muu valmistus ml. huonekalut";"33 Koneiden ja laitteiden korjaus, huolto ja asennus";"35 Sähkö-, kaasu- ja lämpöhuolto, jäähdytysliiketoiminta";"36 Veden otto, puhdistus ja jakelu";"37-39 Jäte- ja jätevesihuolto";"F Rakentaminen (41-43)";"45 Moottoriajoneuvojen ja moottoripyörien tukku- ja vähittäiskauppa sekä korjaus";"46 Tukkukauppa (pl. moottoriajoneuvojen ja moottoripyörien kauppa)";"47 Vähittäiskauppa (pl. moottoriajoneuvojen ja moottoripyörien kauppa)";"49 Maaliikenne ja putkijohtokuljetus";"50 Vesiliikenne";"51 Ilmaliikenne";"52 Varastointi ja liikennettä palveleva toiminta";"53 Posti- ja kuriiritoiminta";"I Majoitus- ja ravitsemistoiminta (55-56)";"58 Kustannustoiminta";"59, 60 Audiovisuaalinen toiminta";"61 Televiestintä";"62, 63 Tietojenkäsittelypalvelu";"64 Rahoituspalvelut (pl. vakuutus- ja eläkevakuutustoiminta)";"65 Vakuutus-, jälleenvakuutus- ja eläkevakuutustoiminta (pl. pakollinen sosiaalivakuutus)";"66 Rahoitusta ja vakuuttamista palveleva toiminta";"68 pl. 68202 Kiinteistöalan toiminta pl. asuntojen ja asuinkiinteistöjen hallinta";"68202 Asuntojen ja asuinkiinteistöjen hallinta";"69, 70 Liikkeenjohdon palvelut";"71 Arkkitehti- ja insinööripalvelut; tekninen testaus ja analysointi";"72 Tieteellinen tutkimus ja kehittäminen";"73 Mainostoiminta ja markkinatutkimus";"74, 75 Muut liike-elämän palvelut ja eläinlääkintä";"77 Vuokraus- ja leasingtoiminta";"78 Työllistämistoiminta";"79 Matkatoimistojen ja matkanjärjestäjien toiminta; varauspalvelut";"80-82 Muut tukipalvelut";"84 Julkinen hallinto ja maanpuolustus; pakollinen sosiaalivakuutus";"85 Koulutus";"86 Terveyspalvelut";"87, 88  Sosiaalipalvelut";"90-92 Kulttuuritoiminta ja rahapelit";"93 Urheilutoiminta sekä huvi- ja virkistyspalvelut";"94 Järjestöjen toiminta";"95 Tietokoneiden, henkilökohtaisten ja kotitaloustavaroiden korjaus";"96 Muut henkilökohtaiset palvelut"
"2021";"01 Kasvinviljely ja kotieläintalous, riistatalous ja niihin liittyvät palvelut";"Käypiin hintoihin, miljoonaa euroa";0.008;0.197;0.018;.;.;0.208;.;0.000;0.000;.;.;0.000;.;0.000;0.000;0.000;0.000;.;.;.;.;0.000;0.000;0.001;0.000;0.000;0.000;0.000;0.000;0.000;0.000;0.000;0.000;0.000;0.000;0.000;0.017;0.000;0.000;0.000;0.000;0.000;0.000;0.000;0.000;0.000;0.000;0.000;0.000;0.000;0.000;0.000;0.000;0.001;0.000;0.001;0.002;0.001;0.001;0.000;0.000;0.000;0.000;0.000
"2021";"02 Metsätalous ja puunkorjuu";"Käypiin hintoihin, miljoonaa euroa";0.010;0.002;0.196;0.000;0.005;0.000;0.000;0.229;0.099;0.000;0.000;0.000;0.000;0.001;0.000;0.000;0.000;0.000;0.000;0.000;0.000;0.000;0.000;0.000;0.016;0.000;0.000;0.000;0.000;0.000;0.000;0.000;0.000;0.000;0.000;0.000;0.000;0.000;0.000;0.000;0.000;0.000;0.000;0.000;0.000;0.000;0.000;0.000;0.000;0.000;0.000;0.000;0.000;0.000;0.000;0.000;0.001;0.000;0.000;0.000;0.000;0.000;0.000;0.000
"2021";"03 Kalastus ja vesiviljely";"Käypiin hintoihin, miljoonaa euroa";0.000;0.000;0.000;0.195;.;0.003;.;.;.;.;.;0.000;.;.;.;.;.;.;.;.;.;.;.;.;0.000;0.000;0.000;0.000;0.000;0.000;.;0.000;0.000;0.000;0.000;.;0.004;0.000;0.000;0.000;0.000;0.000;0.000;0.000;0.000;0.000;0.000;0.000;0.000;0.000;0.000;0.000;0.000;.;0.000;0.000;0.000;0.000;0.000;0.000;0.000;0.000;0.000;0.000
"2021";"B Kaivostoiminta ja louhinta (05-09)";"Käypiin hintoihin, miljoonaa euroa";0.003;0.001;0.001;0.000;0.103;0.000;0.000;0.001;0.002;0.000;0.000;0.011;0.000;0.000;0.047;0.035;0.000;0.000;0.000;0.000;0.001;0.000;0.001;0.001;0.010;0.001;0.002;0.006;0.000;0.000;0.001;0.000;0.000;0.000;0.000;0.000;0.000;0.000;0.000;0.000;0.000;0.000;0.000;0.000;0.000;0.000;0.000;0.000;0.000;0.000;0.002;0.001;0.000;0.000;0.001;0.000;0.000;0.000;0.000;0.000;0.000;0.000;0.002;0.001
"2021";"10-12 Elintarviketeollisuus ym.";"Käypiin hintoihin, miljoonaa euroa";0.011;0.128;0.002;0.084;0.002;0.161;0.001;0.002;0.005;0.001;0.000;0.007;0.002;0.001;0.001;0.002;0.001;0.002;0.001;0.001;0.001;0.001;0.001;0.003;0.001;0.000;0.001;0.002;0.002;0.002;0.002;0.002;0.009;0.002;0.018;0.001;0.122;0.001;0.001;0.008;0.011;0.002;0.007;0.005;0.005;0.000;0.015;0.008;0.006;0.025;0.025;0.024;0.002;0.000;0.011;0.004;0.004;0.005;0.003;0.004;0.006;0.013;0.002;0.002
"2021";"13-15 Tekstiiliteollisuus";"Käypiin hintoihin, miljoonaa euroa";0.001;0.000;0.000;0.000;0.001;0.000;0.038;0.000;0.001;0.002;0.000;0.000;0.001;0.003;0.003;0.000;0.000;0.001;0.000;0.001;0.000;0.001;0.003;0.001;0.001;0.000;0.004;0.001;0.000;0.001;0.000;0.000;0.001;0.000;0.001;0.001;0.000;0.001;0.001;0.001;0.001;0.000;0.000;0.000;0.000;0.000;0.001;0.002;0.001;0.001;0.004;0.002;0.001;0.000;0.002;0.001;0.000;0.000;0.000;0.000;0.001;0.000;0.003;0.000
"2021";"16 Sahatavaran sekä puu- ja korkkituotteiden valmistus (pl. huonekalut); olki- ja punontatuotteiden valmistus";"Käypiin hintoihin, miljoonaa euroa";0.010;0.000;0.000;0.000;0.008;0.001;0.002;0.119;0.026;0.001;0.000;0.012;0.000;0.003;0.006;0.012;0.003;0.001;0.001;0.001;0.003;0.005;0.032;0.001;0.024;0.000;0.013;0.058;0.001;0.003;0.003;0.000;0.001;0.001;0.002;0.000;0.001;0.001;0.000;0.001;0.001;0.001;0.001;0.001;0.002;0.000;0.002;0.001;0.001;0.003;0.006;0.002;0.000;0.000;0.005;0.001;0.000;0.000;0.000;0.001;0.001;0.001;0.005;0.004
"2021";"17 Paperin, paperi- ja kartonkituotteiden valmistus";"Käypiin hintoihin, miljoonaa euroa";0.010;0.001;0.001;0.001;0.004;0.019;0.007;0.007;0.172;0.072;0.002;0.006;0.009;0.009;0.007;0.008;0.004;0.005;0.007;0.003;0.004;0.004;0.010;0.003;0.004;0.001;0.006;0.004;0.006;0.012;0.006;0.001;0.003;0.003;0.004;0.003;0.004;0.004;0.006;0.002;0.004;0.002;0.002;0.002;0.001;0.000;0.006;0.002;0.002;0.005;0.006;0.005;0.001;0.001;0.007;0.001;0.001;0.002;0.001;0.003;0.003;0.003;0.007;0.002
"2021";"18 Painaminen ja tallenteiden jäljentäminen";"Käypiin hintoihin, miljoonaa euroa";0.002;0.000;0.000;0.000;0.000;0.002;0.001;0.000;0.000;0.078;0.000;0.000;0.002;0.001;0.000;0.000;0.000;0.001;0.001;0.000;0.000;0.000;0.001;0.000;0.002;0.000;0.001;0.000;0.002;0.002;0.002;0.000;0.001;0.002;0.002;0.004;0.002;0.026;0.013;0.015;0.006;0.000;0.000;0.001;0.000;0.000;0.003;0.000;0.003;0.002;0.001;0.001;0.000;0.004;0.001;0.001;0.001;0.001;0.001;0.005;0.013;0.001;0.001;0.000
"2021";"19 Koksin ja jalostettujen öljytuotteiden valmistus";"Käypiin hintoihin, miljoonaa euroa";0.003;0.008;0.012;0.028;0.021;0.002;0.001;0.000;0.001;0.001;0.054;0.005;0.001;0.002;0.006;0.002;0.001;0.001;0.000;0.000;0.001;0.003;0.000;0.001;0.005;0.000;0.002;0.003;0.001;0.001;0.001;0.041;0.026;0.026;0.002;0.003;0.000;0.000;0.000;0.000;0.000;0.001;0.001;0.001;0.000;0.000;0.000;0.001;0.000;0.000;0.002;0.002;0.001;0.006;0.002;0.001;0.001;0.000;0.001;0.001;0.002;0.002;0.000;0.001
"2021";"20 Kemikaalien ja kemiallisten tuotteiden valmistus";"Käypiin hintoihin, miljoonaa euroa";0.009;0.038;0.009;0.000;0.020;0.004;0.010;0.006;0.033;0.013;0.070;0.142;0.010;0.025;0.016;0.008;0.007;0.003;0.002;0.002;0.013;0.007;0.006;0.001;0.001;0.001;0.018;0.007;0.001;0.001;0.001;0.000;0.000;0.001;0.004;0.001;0.001;0.001;0.001;0.000;0.001;0.000;0.000;0.000;0.000;0.000;0.001;0.002;0.000;0.001;0.002;0.020;0.000;0.000;0.002;0.001;0.000;0.002;0.000;0.001;0.001;0.002;0.002;0.006
"2021";"21 Lääkeaineiden ja lääkkeiden valmistus";"Käypiin hintoihin, miljoonaa euroa";0.001;0.000;0.000;0.000;0.000;0.000;0.000;0.000;0.000;0.000;0.000;0.001;0.008;0.000;0.000;0.000;0.000;0.000;0.000;0.000;0.000;0.000;0.000;0.000;0.000;0.000;0.000;0.000;0.000;0.000;0.000;0.000;0.000;0.000;0.000;0.000;0.000;0.000;0.000;0.000;0.000;0.000;0.000;0.000;0.000;0.000;0.000;0.000;0.000;0.000;0.003;0.000;0.000;0.000;0.000;0.000;0.000;0.014;0.002;0.000;0.000;0.000;0.000;0.000
"2021";"22 Kumi- ja muovituotteiden valmistus";"Käypiin hintoihin, miljoonaa euroa";0.003;0.000;0.000;0.000;0.003;0.011;0.015;0.005;0.001;0.005;0.003;0.003;0.008;0.026;0.006;0.001;0.003;0.002;0.004;0.003;0.006;0.005;0.010;0.004;0.002;0.000;0.001;0.015;0.001;0.002;0.000;0.001;0.001;0.000;0.003;0.001;0.001;0.000;0.001;0.001;0.001;0.000;0.000;0.000;0.000;0.000;0.000;0.001;0.000;0.001;0.002;0.005;0.000;0.000;0.000;0.001;0.000;0.001;0.000;0.001;0.001;0.000;0.007;0.006
"2021";"23 Muiden ei-metallisten mineraalituotteiden valmistus";"Käypiin hintoihin, miljoonaa euroa";0.006;0.001;0.000;0.000;0.004;0.001;0.001;0.007;0.001;0.004;0.000;0.003;0.000;0.003;0.112;0.003;0.005;0.001;0.001;0.001;0.003;0.002;0.004;0.003;0.001;0.001;0.001;0.044;0.004;0.001;0.001;0.000;0.000;0.000;0.000;0.001;0.000;0.000;0.001;0.001;0.001;0.000;0.000;0.000;0.000;0.000;0.001;0.002;0.000;0.001;0.004;0.002;0.001;0.000;0.001;0.000;0.000;0.000;0.000;0.000;0.000;0.000;0.001;0.004
"2021";"24 Metallien jalostus";"Käypiin hintoihin, miljoonaa euroa";0.009;0.001;0.000;0.000;0.002;0.001;0.001;0.002;0.005;0.001;0.001;0.008;0.000;0.008;0.027;0.127;0.161;0.002;0.032;0.017;0.034;0.033;0.011;0.005;0.001;0.000;0.005;0.001;0.000;0.001;0.001;0.000;0.000;0.001;0.001;0.000;0.001;0.000;0.000;0.000;0.001;0.000;0.000;0.000;0.000;0.000;0.001;0.001;0.000;0.000;0.001;0.001;0.000;0.000;0.001;0.000;0.000;0.000;0.000;0.000;0.000;0.000;0.001;0.000
"2021";"25 Metallituotteiden valmistus (pl. koneet ja laitteet)";"Käypiin hintoihin, miljoonaa euroa";0.012;0.001;0.000;0.002;0.004;0.006;0.002;0.008;0.003;0.001;0.001;0.001;0.001;0.005;0.014;0.071;0.090;0.004;0.041;0.071;0.016;0.039;0.029;0.051;0.007;0.003;0.003;0.037;0.001;0.001;0.001;0.001;0.005;0.001;0.005;0.002;0.001;0.001;0.001;0.001;0.001;0.000;0.001;0.001;0.000;0.000;0.001;0.003;0.001;0.002;0.007;0.004;0.001;0.000;0.002;0.003;0.000;0.000;0.000;0.001;0.001;0.001;0.004;0.003
"2021";"26 Tietokoneiden sekä elektronisten ja optisten tuotteiden valmistus";"Käypiin hintoihin, miljoonaa euroa";0.008;0.000;0.000;0.000;0.003;0.003;0.004;0.003;0.003;0.006;0.001;0.004;0.003;0.004;0.005;0.003;0.006;0.037;0.007;0.009;0.008;0.006;0.004;0.010;0.004;0.002;0.002;0.002;0.004;0.008;0.007;0.005;0.002;0.010;0.008;0.010;0.004;0.014;0.019;0.023;0.039;0.006;0.006;0.005;0.002;0.000;0.010;0.022;0.010;0.038;0.023;0.013;0.009;0.014;0.012;0.010;0.003;0.005;0.003;0.009;0.007;0.002;0.006;0.007
"2021";"27 Sähkölaitteiden valmistus";"Käypiin hintoihin, miljoonaa euroa";0.004;0.000;0.000;0.000;0.002;0.001;0.001;0.001;0.001;0.002;0.000;0.001;0.001;0.002;0.003;0.002;0.002;0.007;0.060;0.013;0.011;0.037;0.003;0.018;0.014;0.001;0.002;0.007;0.003;0.002;0.002;0.000;0.001;0.001;0.001;0.001;0.001;0.001;0.001;0.002;0.002;0.000;0.000;0.001;0.000;0.000;0.002;0.003;0.001;0.002;0.006;0.004;0.001;0.000;0.003;0.001;0.000;0.000;0.000;0.001;0.001;0.000;0.001;0.001
"2021";"28 Muiden koneiden ja laitteiden valmistus";"Käypiin hintoihin, miljoonaa euroa";0.009;0.001;0.001;0.001;0.029;0.005;0.004;0.007;0.016;0.009;0.006;0.003;0.003;0.007;0.009;0.007;0.011;0.011;0.017;0.065;0.024;0.019;0.010;0.066;0.012;0.025;0.005;0.011;0.004;0.009;0.006;0.002;0.003;0.004;0.005;0.007;0.004;0.015;0.006;0.005;0.006;0.001;0.002;0.002;0.001;0.000;0.004;0.016;0.002;0.004;0.027;0.016;0.006;0.002;0.005;0.002;0.001;0.001;0.001;0.004;0.002;0.003;0.005;0.003
"2021";"29 Moottoriajoneuvojen, perävaunujen ja puoliperävaunujen valmistus";"Käypiin hintoihin, miljoonaa euroa";0.001;0.000;0.000;0.000;0.000;0.000;0.000;0.000;0.001;0.000;0.000;0.002;0.000;0.001;0.000;0.001;0.000;0.000;0.001;0.019;0.028;0.004;0.000;0.001;0.000;0.000;0.000;0.000;0.002;0.000;0.000;0.000;0.000;0.000;0.001;0.000;0.000;0.000;0.000;0.000;0.000;0.000;0.000;0.000;0.000;0.000;0.000;0.000;0.000;0.000;0.001;0.001;0.000;0.000;0.000;0.000;0.000;0.000;0.000;0.000;0.000;0.000;0.000;0.000
"2021";"30 Muiden kulkuneuvojen valmistus";"Käypiin hintoihin, miljoonaa euroa";0.002;0.000;0.000;0.000;0.000;0.000;0.000;0.000;0.000;0.000;0.000;0.000;0.000;0.000;0.000;0.000;0.002;0.000;0.001;0.000;0.002;0.228;0.001;0.000;0.000;0.000;0.000;0.000;0.000;0.000;0.000;0.000;0.005;0.000;0.000;0.000;0.000;0.000;0.000;0.000;0.000;0.000;0.000;0.000;0.000;0.000;0.000;0.001;0.000;0.000;0.001;0.001;0.000;0.000;0.000;0.000;0.000;0.000;0.000;0.000;0.000;0.000;0.000;0.000
"2021";"31, 32 Muu valmistus ml. huonekalut";"Käypiin hintoihin, miljoonaa euroa";0.001;0.000;0.000;0.000;0.000;0.000;0.004;0.001;0.000;0.000;0.000;0.000;0.000;0.000;0.001;0.001;0.001;0.001;0.000;0.000;0.000;0.014;0.028;0.002;0.000;0.001;0.002;0.006;0.001;0.001;0.000;0.000;0.000;0.000;0.001;0.000;0.001;0.000;0.001;0.000;0.001;0.003;0.001;0.001;0.000;0.000;0.003;0.001;0.001;0.004;0.005;0.003;0.001;0.000;0.002;0.001;0.001;0.001;0.001;0.002;0.004;0.000;0.002;0.001
"2021";"33 Koneiden ja laitteiden korjaus, huolto ja asennus";"Käypiin hintoihin, miljoonaa euroa";0.006;0.009;0.000;0.017;0.015;0.004;0.008;0.006;0.019;0.004;0.008;0.002;0.001;0.002;0.005;0.004;0.005;0.006;0.006;0.007;0.003;0.040;0.006;0.082;0.026;0.077;0.026;0.004;0.000;0.004;0.004;0.005;0.036;0.064;0.004;0.008;0.005;0.001;0.001;0.012;0.001;0.000;0.000;0.000;0.000;0.000;0.000;0.004;0.001;0.001;0.008;0.004;0.002;0.000;0.004;0.002;0.000;0.001;0.001;0.001;0.002;0.001;0.000;0.004
"2021";"35 Sähkö-, kaasu- ja lämpöhuolto, jäähdytysliiketoiminta";"Käypiin hintoihin, miljoonaa euroa";0.015;0.022;0.006;0.019;0.057;0.016;0.015;0.020;0.047;0.019;0.003;0.020;0.006;0.058;0.020;0.027;0.007;0.005;0.005;0.005;0.009;0.006;0.008;0.012;0.032;0.052;0.033;0.004;0.010;0.008;0.021;0.006;0.002;0.005;0.011;0.004;0.018;0.002;0.003;0.019;0.003;0.010;0.008;0.012;0.044;0.011;0.003;0.006;0.005;0.001;0.001;0.005;0.000;0.017;0.008;0.017;0.013;0.013;0.014;0.026;0.040;0.064;0.000;0.007
"2021";"36 Veden otto, puhdistus ja jakelu";"Käypiin hintoihin, miljoonaa euroa";0.001;0.000;0.000;0.000;0.004;0.003;0.002;0.000;0.000;0.001;0.001;0.001;0.001;0.001;0.002;0.001;0.001;0.001;0.000;0.001;0.000;0.000;0.001;0.001;0.001;0.000;0.001;0.001;0.001;0.001;0.001;0.000;0.001;0.001;0.001;0.001;0.004;0.000;0.000;0.000;0.001;0.001;0.002;0.001;0.004;0.001;0.000;0.002;0.001;0.001;0.000;0.000;0.000;0.000;0.001;0.001;0.002;0.000;0.001;0.001;0.001;0.000;0.000;0.002
"2021";"37-39 Jäte- ja jätevesihuolto";"Käypiin hintoihin, miljoonaa euroa";0.006;0.000;0.000;0.000;0.020;0.005;0.003;0.001;0.004;0.003;0.001;0.002;0.002;0.002;0.004;0.014;0.004;0.003;0.001;0.004;0.001;0.002;0.001;0.004;0.019;0.044;0.196;0.003;0.001;0.003;0.005;0.001;0.003;0.002;0.001;0.002;0.011;0.000;0.001;0.001;0.002;0.001;0.002;0.003;0.017;0.007;0.000;0.017;0.002;0.001;0.000;0.003;0.000;0.001;0.016;0.006;0.002;0.002;0.003;0.002;0.004;0.004;0.001;0.004
"2021";"F Rakentaminen (41-43)";"Käypiin hintoihin, miljoonaa euroa";0.019;0.025;0.000;0.000;0.022;0.003;0.002;0.001;0.001;0.002;0.005;0.001;0.001;0.002;0.002;0.002;0.001;0.002;0.001;0.002;0.000;0.000;0.003;0.001;0.042;0.096;0.056;0.110;0.002;0.006;0.008;0.009;0.011;0.035;0.005;0.004;0.003;0.000;0.000;0.003;0.001;0.004;0.001;0.003;0.051;0.047;0.001;0.000;0.002;0.000;0.000;0.004;0.000;0.002;0.015;0.032;0.006;0.002;0.003;0.003;0.004;0.000;0.000;0.002
"2021";"45 Moottoriajoneuvojen ja moottoripyörien tukku- ja vähittäiskauppa sekä korjaus";"Käypiin hintoihin, miljoonaa euroa";0.007;0.022;0.009;0.000;0.000;0.000;0.000;0.002;0.000;0.000;0.000;0.000;0.000;0.006;0.002;0.001;0.000;0.001;0.001;0.005;0.000;0.001;0.001;0.001;0.000;0.000;0.002;0.001;0.125;0.008;0.002;0.121;0.001;0.001;0.006;0.002;0.001;0.001;0.000;0.000;0.001;0.000;0.000;0.000;0.000;0.000;0.001;0.000;0.001;0.000;0.001;0.038;0.000;0.002;0.001;0.003;0.002;0.001;0.003;0.005;0.007;0.018;0.000;0.000
"2021";"46 Tukkukauppa (pl. moottoriajoneuvojen ja moottoripyörien kauppa)";"Käypiin hintoihin, miljoonaa euroa";0.020;0.018;0.011;0.014;0.019;0.020;0.032;0.075;0.036;0.033;0.009;0.013;0.011;0.017;0.029;0.037;0.012;0.010;0.035;0.024;0.036;0.045;0.034;0.028;0.030;0.009;0.024;0.039;0.013;0.014;0.011;0.017;0.026;0.029;0.018;0.006;0.035;0.038;0.032;0.013;0.017;0.007;0.008;0.009;0.003;0.000;0.021;0.022;0.009;0.034;0.028;0.018;0.003;0.007;0.024;0.007;0.005;0.016;0.005;0.031;0.022;0.011;0.044;0.024
"2021";"47 Vähittäiskauppa (pl. moottoriajoneuvojen ja moottoripyörien kauppa)";"Käypiin hintoihin, miljoonaa euroa";0.002;0.003;0.003;0.005;0.004;0.002;0.001;0.001;0.001;0.002;0.000;0.000;0.001;0.001;0.001;0.003;0.001;0.003;0.001;0.001;0.001;0.001;0.002;0.001;0.001;0.000;0.000;0.006;0.003;0.006;0.006;0.009;0.002;0.004;0.003;0.002;0.004;0.002;0.001;0.002;0.003;0.002;0.001;0.001;0.001;0.000;0.003;0.001;0.002;0.001;0.001;0.002;0.000;0.005;0.002;0.002;0.001;0.001;0.001;0.002;0.002;0.001;0.004;0.001
"2021";"49 Maaliikenne ja putkijohtokuljetus";"Käypiin hintoihin, miljoonaa euroa";0.015;0.001;0.004;0.002;0.013;0.030;0.019;0.026;0.042;0.024;0.019;0.015;0.006;0.015;0.024;0.010;0.008;0.005;0.008;0.010;0.024;0.003;0.013;0.002;0.001;0.002;0.001;0.008;0.005;0.032;0.016;0.109;0.004;0.003;0.041;0.185;0.006;0.009;0.002;0.002;0.002;0.006;0.010;0.010;0.001;0.000;0.003;0.002;0.009;0.001;0.003;0.009;0.001;0.004;0.002;0.026;0.013;0.010;0.015;0.014;0.021;0.014;0.007;0.063
"2021";"50 Vesiliikenne";"Käypiin hintoihin, miljoonaa euroa";0.001;0.000;0.000;0.000;0.000;0.000;0.000;0.000;0.000;0.000;0.002;0.000;0.000;0.000;0.002;0.001;0.001;0.000;0.000;0.000;0.000;0.000;0.000;0.000;0.000;0.000;0.000;0.001;0.001;0.001;0.001;0.001;0.002;0.002;0.001;0.000;0.003;0.000;0.000;0.000;0.000;0.001;0.000;0.001;0.000;0.000;0.001;0.000;0.001;0.000;0.000;0.001;0.001;0.013;0.001;0.001;0.001;0.001;0.001;0.001;0.001;0.001;0.000;0.000
"2021";"51 Ilmaliikenne";"Käypiin hintoihin, miljoonaa euroa";0.001;0.000;0.001;0.003;0.000;0.000;0.000;0.000;0.000;0.000;0.000;0.000;0.000;0.000;0.000;0.000;0.000;0.000;0.000;0.000;0.000;0.000;0.000;0.000;0.000;0.000;0.000;0.000;0.000;0.001;0.000;0.000;0.000;0.041;0.001;0.002;0.001;0.000;0.000;0.000;0.000;0.001;0.002;0.003;0.000;0.000;0.000;0.000;0.001;0.000;0.000;0.000;0.000;0.009;0.000;0.001;0.001;0.001;0.001;0.002;0.002;0.003;0.000;0.000
"2021";"52 Varastointi ja liikennettä palveleva toiminta";"Käypiin hintoihin, miljoonaa euroa";0.015;0.001;0.001;0.001;0.018;0.026;0.023;0.030;0.049;0.028;0.006;0.016;0.008;0.020;0.027;0.013;0.011;0.010;0.014;0.016;0.030;0.005;0.019;0.002;0.002;0.004;0.028;0.002;0.015;0.049;0.014;0.017;0.025;0.081;0.271;0.078;0.002;0.009;0.003;0.001;0.001;0.001;0.001;0.001;0.001;0.000;0.001;0.001;0.002;0.001;0.003;0.003;0.001;0.001;0.003;0.004;0.001;0.001;0.001;0.002;0.002;0.002;0.001;0.008
"2021";"53 Posti- ja kuriiritoiminta";"Käypiin hintoihin, miljoonaa euroa";0.002;0.001;0.001;0.002;0.003;0.003;0.008;0.003;0.002;0.005;0.001;0.002;0.001;0.005;0.006;0.001;0.004;0.003;0.006;0.006;0.005;0.001;0.007;0.003;0.002;0.000;0.000;0.001;0.001;0.007;0.002;0.001;0.004;0.005;0.002;0.004;0.003;0.000;0.001;0.000;0.001;0.002;0.009;0.004;0.002;0.000;0.002;0.000;0.001;0.000;0.002;0.000;0.001;0.001;0.001;0.005;0.002;0.002;0.003;0.004;0.006;0.012;0.001;0.000
"2021";"I Majoitus- ja ravitsemistoiminta (55-56)";"Käypiin hintoihin, miljoonaa euroa";0.004;0.001;0.001;0.001;0.000;0.001;0.000;0.000;0.000;0.001;0.000;0.000;0.001;0.001;0.001;0.001;0.001;0.001;0.001;0.001;0.000;0.000;0.001;0.000;0.000;0.000;0.000;0.001;0.001;0.004;0.002;0.002;0.002;0.019;0.002;0.001;0.013;0.001;0.002;0.000;0.001;0.013;0.007;0.011;0.001;0.000;0.002;0.001;0.004;0.001;0.002;0.001;0.001;0.006;0.001;0.008;0.014;0.011;0.019;0.009;0.015;0.010;0.002;0.001
"2021";"58 Kustannustoiminta";"Käypiin hintoihin, miljoonaa euroa";0.005;0.000;0.000;0.000;0.001;0.004;0.003;0.002;0.004;0.010;0.001;0.001;0.005;0.002;0.002;0.005;0.001;0.005;0.003;0.003;0.001;0.001;0.003;0.002;0.002;0.000;0.000;0.001;0.005;0.007;0.007;0.001;0.002;0.006;0.003;0.002;0.005;0.070;0.008;0.006;0.024;0.008;0.010;0.017;0.001;0.000;0.004;0.001;0.003;0.006;0.002;0.002;0.001;0.010;0.003;0.006;0.005;0.003;0.003;0.021;0.014;0.016;0.003;0.001
"2021";"59, 60 Audiovisuaalinen toiminta";"Käypiin hintoihin, miljoonaa euroa";0.002;0.000;0.000;0.000;0.000;0.002;0.002;0.001;0.001;0.001;0.000;0.000;0.003;0.001;0.001;0.000;0.000;0.002;0.001;0.000;0.000;0.000;0.001;0.000;0.001;0.000;0.000;0.000;0.003;0.003;0.004;0.000;0.001;0.003;0.000;0.000;0.003;0.005;0.079;0.002;0.003;0.000;0.000;0.000;0.000;0.000;0.001;0.000;0.000;0.040;0.001;0.001;0.000;0.008;0.001;0.000;0.001;0.000;0.000;0.048;0.026;0.001;0.002;0.001
"2021";"61 Televiestintä";"Käypiin hintoihin, miljoonaa euroa";0.005;0.001;0.001;0.001;0.002;0.003;0.003;0.002;0.001;0.004;0.000;0.002;0.001;0.003;0.003;0.001;0.003;0.002;0.004;0.004;0.002;0.001;0.004;0.002;0.004;0.000;0.000;0.001;0.001;0.003;0.003;0.002;0.003;0.007;0.002;0.001;0.012;0.001;0.014;0.112;0.005;0.008;0.019;0.023;0.003;0.001;0.004;0.001;0.002;0.001;0.003;0.006;0.003;0.003;0.003;0.011;0.007;0.005;0.008;0.015;0.017;0.023;0.001;0.000
"2021";"62, 63 Tietojenkäsittelypalvelu";"Käypiin hintoihin, miljoonaa euroa";0.010;0.001;0.000;0.000;0.002;0.004;0.003;0.002;0.005;0.008;0.002;0.003;0.003;0.004;0.005;0.005;0.004;0.017;0.005;0.010;0.003;0.004;0.004;0.011;0.006;0.001;0.002;0.001;0.006;0.012;0.013;0.005;0.003;0.020;0.008;0.009;0.008;0.032;0.020;0.014;0.073;0.020;0.014;0.025;0.005;0.000;0.010;0.010;0.012;0.024;0.015;0.009;0.007;0.017;0.011;0.026;0.006;0.012;0.006;0.026;0.009;0.007;0.003;0.010
"2021";"64 Rahoituspalvelut (pl. vakuutus- ja eläkevakuutustoiminta)";"Käypiin hintoihin, miljoonaa euroa";0.012;0.012;0.007;0.005;0.006;0.005;0.011;0.004;0.004;0.008;0.001;0.002;0.002;0.009;0.009;0.002;0.007;0.003;0.008;0.008;0.006;0.003;0.008;0.006;0.024;0.011;0.003;0.002;0.003;0.005;0.018;0.002;0.010;0.018;0.007;0.009;0.013;0.003;0.003;0.004;0.006;0.053;0.076;0.150;0.053;0.040;0.014;0.002;0.002;0.001;0.003;0.007;0.002;0.006;0.003;0.007;0.005;0.005;0.006;0.005;0.010;0.012;0.001;0.001
"2021";"65 Vakuutus-, jälleenvakuutus- ja eläkevakuutustoiminta (pl. pakollinen sosiaalivakuutus)";"Käypiin hintoihin, miljoonaa euroa";0.002;0.003;0.001;0.001;0.002;0.002;0.005;0.002;0.001;0.002;0.000;0.002;0.001;0.004;0.003;0.001;0.003;0.001;0.004;0.003;0.003;0.000;0.004;0.002;0.001;0.000;0.000;0.000;0.001;0.002;0.001;0.001;0.003;0.005;0.000;0.000;0.000;0.000;0.000;0.000;0.000;0.003;0.015;0.005;0.008;0.005;0.001;0.000;0.001;0.000;0.001;0.012;0.000;0.000;0.000;0.002;0.001;0.002;0.002;0.002;0.002;0.004;0.000;0.000
"2021";"66 Rahoitusta ja vakuuttamista palveleva toiminta";"Käypiin hintoihin, miljoonaa euroa";0.007;0.000;0.001;0.001;0.003;0.004;0.009;0.003;0.003;0.005;0.001;0.004;0.001;0.007;0.006;0.002;0.004;0.002;0.007;0.007;0.006;0.001;0.009;0.003;0.001;0.000;0.000;0.000;0.001;0.006;0.004;0.001;0.004;0.020;0.001;0.001;0.004;0.000;0.001;0.001;0.001;0.214;0.045;0.055;0.002;0.000;0.003;0.000;0.000;0.000;0.000;0.002;0.001;0.002;0.001;0.001;0.000;0.001;0.001;0.004;0.002;0.006;0.001;0.000
"2021";"68 pl. 68202 Kiinteistöalan toiminta pl. asuntojen ja asuinkiinteistöjen hallinta";"Käypiin hintoihin, miljoonaa euroa";0.013;0.000;0.002;0.002;0.006;0.007;0.011;0.002;0.001;0.031;0.000;0.002;0.002;0.007;0.003;0.002;0.009;0.003;0.003;0.003;0.006;0.009;0.015;0.011;0.006;0.001;0.010;0.002;0.040;0.025;0.072;0.012;0.019;0.046;0.031;0.016;0.059;0.007;0.020;0.030;0.009;0.007;0.014;0.006;0.026;0.001;0.013;0.019;0.032;0.009;0.008;0.013;0.007;0.020;0.017;0.020;0.016;0.009;0.025;0.030;0.022;0.014;0.028;0.028
"2021";"68202 Asuntojen ja asuinkiinteistöjen hallinta";"Käypiin hintoihin, miljoonaa euroa";0.000;0.000;0.000;0.000;0.000;0.000;0.000;0.000;0.000;0.001;0.000;0.000;0.000;0.000;0.000;0.000;0.000;0.000;0.000;0.000;0.000;0.000;0.000;0.000;0.000;0.000;0.000;0.000;0.001;0.000;0.001;0.000;0.000;0.001;0.001;0.000;0.001;0.000;0.000;0.001;0.000;0.000;0.000;0.000;0.000;0.000;0.000;0.000;0.001;0.000;0.000;0.000;0.000;0.000;0.000;0.000;0.000;0.000;0.001;0.001;0.000;0.000;0.001;0.001
"2021";"69, 70 Liikkeenjohdon palvelut";"Käypiin hintoihin, miljoonaa euroa";0.013;0.001;0.002;0.003;0.004;0.013;0.014;0.007;0.007;0.010;0.001;0.003;0.010;0.011;0.010;0.011;0.007;0.023;0.012;0.010;0.008;0.002;0.013;0.004;0.007;0.001;0.000;0.004;0.014;0.026;0.029;0.001;0.010;0.022;0.018;0.007;0.016;0.019;0.005;0.008;0.016;0.008;0.014;0.013;0.022;0.003;0.159;0.002;0.014;0.120;0.008;0.014;0.007;0.008;0.008;0.020;0.003;0.004;0.004;0.008;0.012;0.013;0.004;0.002
"2021";"71 Arkkitehti- ja insinööripalvelut; tekninen testaus ja analysointi";"Käypiin hintoihin, miljoonaa euroa";0.011;0.002;0.000;0.000;0.032;0.001;0.001;0.016;0.001;0.001;0.000;0.002;0.003;0.002;0.004;0.002;0.009;0.009;0.001;0.010;0.001;0.052;0.001;0.014;0.006;0.004;0.002;0.063;0.002;0.003;0.002;0.001;0.004;0.004;0.002;0.003;0.002;0.001;0.000;0.001;0.004;0.000;0.000;0.000;0.001;0.000;0.001;0.131;0.017;0.002;0.002;0.007;0.002;0.001;0.002;0.027;0.002;0.001;0.000;0.001;0.001;0.000;0.001;0.000
"2021";"72 Tieteellinen tutkimus ja kehittäminen";"Käypiin hintoihin, miljoonaa euroa";0.001;0.000;0.000;0.000;0.000;0.000;0.000;0.000;0.001;0.000;0.000;0.000;0.007;0.000;0.000;0.000;0.000;0.038;0.003;0.000;0.000;0.000;0.000;0.000;0.000;0.000;0.000;0.000;0.000;0.000;0.000;0.000;0.000;0.000;0.000;0.000;0.000;0.000;0.000;0.000;0.005;0.000;0.000;0.000;0.000;0.000;0.000;0.000;0.004;0.000;0.000;0.000;0.000;0.000;0.000;0.000;0.001;0.000;0.000;0.000;0.000;0.001;0.000;0.000
"2021";"73 Mainostoiminta ja markkinatutkimus";"Käypiin hintoihin, miljoonaa euroa";0.002;0.000;0.000;0.000;0.001;0.005;0.004;0.002;0.002;0.001;0.001;0.001;0.008;0.002;0.002;0.000;0.001;0.005;0.001;0.001;0.001;0.001;0.004;0.000;0.002;0.000;0.001;0.000;0.009;0.008;0.011;0.000;0.002;0.007;0.000;0.000;0.004;0.018;0.003;0.006;0.007;0.001;0.000;0.000;0.001;0.000;0.002;0.001;0.001;0.012;0.002;0.002;0.001;0.010;0.002;0.000;0.000;0.001;0.000;0.003;0.005;0.000;0.006;0.001
"2021";"74, 75 Muut liike-elämän palvelut ja eläinlääkintä";"Käypiin hintoihin, miljoonaa euroa";0.003;0.006;0.002;0.001;0.000;0.000;0.000;0.000;0.000;0.004;0.000;0.000;0.000;0.000;0.001;0.000;0.000;0.004;0.000;0.000;0.000;0.000;0.000;0.000;0.001;0.000;0.000;0.001;0.000;0.011;0.002;0.000;0.001;0.003;0.000;0.003;0.001;0.001;0.004;0.015;0.003;0.004;0.005;0.006;0.001;0.000;0.001;0.000;0.002;0.017;0.100;0.046;0.022;0.105;0.016;0.004;0.001;0.001;0.000;0.002;0.002;0.008;0.000;0.000
"2021";"77 Vuokraus- ja leasingtoiminta";"Käypiin hintoihin, miljoonaa euroa";0.005;0.003;0.000;0.000;0.001;0.003;0.004;0.002;0.001;0.010;0.000;0.002;0.001;0.002;0.002;0.001;0.002;0.001;0.002;0.002;0.003;0.002;0.004;0.004;0.003;0.000;0.002;0.017;0.007;0.005;0.017;0.022;0.003;0.009;0.007;0.006;0.010;0.001;0.004;0.005;0.002;0.003;0.003;0.000;0.003;0.000;0.002;0.003;0.002;0.002;0.003;0.007;0.001;0.004;0.004;0.004;0.000;0.002;0.003;0.005;0.002;0.001;0.005;0.029
"2021";"78 Työllistämistoiminta";"Käypiin hintoihin, miljoonaa euroa";0.007;0.000;0.000;0.000;0.000;0.006;0.010;0.006;0.001;0.006;0.000;0.001;0.011;0.009;0.017;0.002;0.012;0.003;0.005;0.005;0.009;0.003;0.010;0.002;0.002;0.001;0.003;0.010;0.006;0.017;0.016;0.004;0.014;0.007;0.020;0.041;0.033;0.005;0.001;0.016;0.012;0.001;0.002;0.001;0.001;0.000;0.001;0.002;0.003;0.001;0.007;0.039;0.067;0.005;0.006;0.004;0.001;0.009;0.009;0.002;0.001;0.001;0.009;0.026
"2021";"79 Matkatoimistojen ja matkanjärjestäjien toiminta; varauspalvelut";"Käypiin hintoihin, miljoonaa euroa";0.000;0.000;0.000;0.000;0.000;0.000;0.000;0.000;0.000;0.000;0.000;0.000;0.000;0.000;0.000;0.000;0.000;0.000;0.000;0.000;0.000;0.000;0.000;0.000;0.000;0.000;0.000;0.000;0.000;0.000;0.000;0.000;0.000;0.001;0.000;0.000;0.000;0.000;0.000;0.000;0.000;0.002;0.000;0.001;0.000;0.000;0.000;0.000;0.001;0.000;0.000;0.000;0.000;0.243;0.000;0.001;0.001;0.000;0.000;0.001;0.001;0.001;0.000;0.000
"2021";"80-82 Muut tukipalvelut";"Käypiin hintoihin, miljoonaa euroa";0.014;0.001;0.002;0.002;0.003;0.005;0.008;0.003;0.002;0.010;0.001;0.003;0.003;0.006;0.011;0.002;0.005;0.004;0.006;0.004;0.004;0.002;0.009;0.004;0.005;0.005;0.004;0.010;0.013;0.031;0.024;0.003;0.012;0.028;0.010;0.005;0.019;0.010;0.008;0.017;0.005;0.008;0.012;0.011;0.045;0.018;0.005;0.004;0.010;0.003;0.078;0.100;0.060;0.008;0.130;0.022;0.015;0.013;0.018;0.013;0.017;0.014;0.007;0.006
"2021";"84 Julkinen hallinto ja maanpuolustus; pakollinen sosiaalivakuutus";"Käypiin hintoihin, miljoonaa euroa";0.005;0.002;0.006;0.002;0.006;0.007;0.015;0.006;0.004;0.017;0.001;0.004;0.003;0.013;0.015;0.003;0.011;0.006;0.011;0.010;0.008;0.001;0.015;0.006;0.004;0.001;0.000;0.002;0.002;0.006;0.005;0.005;0.006;0.019;0.006;0.003;0.004;0.001;0.002;0.002;0.004;0.009;0.011;0.009;0.006;0.002;0.004;0.001;0.002;0.000;0.001;0.002;0.002;0.003;0.002;0.005;0.004;0.006;0.010;0.007;0.010;0.018;0.002;0.001
"2021";"85 Koulutus";"Käypiin hintoihin, miljoonaa euroa";0.003;0.000;0.000;0.000;0.000;0.000;0.000;0.000;0.000;0.000;0.000;0.000;0.003;0.000;0.003;0.001;0.001;0.011;0.002;0.001;0.001;0.000;0.001;0.000;0.000;0.000;0.000;0.000;0.000;0.000;0.001;0.002;0.001;0.000;0.000;0.002;0.001;0.000;0.001;0.000;0.001;0.001;0.002;0.002;0.000;0.000;0.001;0.000;0.051;0.000;0.001;0.000;0.000;0.000;0.000;0.005;0.030;0.002;0.004;0.004;0.007;0.018;0.000;0.000
"2021";"86 Terveyspalvelut";"Käypiin hintoihin, miljoonaa euroa";0.005;0.000;0.000;0.000;0.000;0.000;0.000;0.000;0.000;0.000;0.000;0.000;0.000;0.000;0.000;0.001;0.000;0.001;0.000;0.000;0.000;0.000;0.000;0.000;0.000;0.000;0.000;0.000;0.000;0.001;0.001;0.000;0.001;0.002;0.001;0.001;0.001;0.000;0.000;0.000;0.001;0.003;0.002;0.003;0.000;0.000;0.001;0.000;0.003;0.000;0.001;0.000;0.001;0.000;0.000;0.005;0.005;0.097;0.001;0.002;0.003;0.001;0.000;0.000
"2021";"87, 88  Sosiaalipalvelut";"Käypiin hintoihin, miljoonaa euroa";0.001;0.000;0.000;0.000;0.000;0.000;0.000;0.000;0.000;0.001;0.000;0.000;0.000;0.000;0.000;0.000;0.000;0.000;0.000;0.000;0.000;0.000;0.000;0.000;0.000;0.000;0.000;0.000;0.001;0.001;0.002;0.000;0.001;0.001;0.001;0.000;0.002;0.000;0.001;0.001;0.000;0.000;0.000;0.000;0.001;0.000;0.000;0.001;0.001;0.000;0.000;0.000;0.000;0.001;0.000;0.001;0.001;0.001;0.016;0.001;0.001;0.000;0.001;0.001
"2021";"90-92 Kulttuuritoiminta ja rahapelit";"Käypiin hintoihin, miljoonaa euroa";0.000;0.000;0.000;0.000;0.000;0.000;0.000;0.000;0.000;0.001;0.000;0.000;0.000;0.000;0.000;0.000;0.000;0.000;0.000;0.000;0.000;0.000;0.000;0.000;0.000;0.000;0.000;0.000;0.000;0.003;0.000;0.000;0.004;0.000;0.000;0.000;0.002;0.000;0.001;0.000;0.000;0.000;0.000;0.000;0.000;0.000;0.001;0.000;0.000;0.000;0.000;0.000;0.000;0.000;0.000;0.001;0.002;0.000;0.001;0.004;0.001;0.000;0.000;0.000
"2021";"93 Urheilutoiminta sekä huvi- ja virkistyspalvelut";"Käypiin hintoihin, miljoonaa euroa";0.001;0.000;0.000;0.000;0.000;0.000;0.000;0.000;0.000;0.001;0.000;0.000;0.000;0.000;0.000;0.000;0.000;0.000;0.000;0.000;0.000;0.000;0.000;0.000;0.000;0.000;0.000;0.000;0.001;0.001;0.001;0.001;0.000;0.001;0.000;0.001;0.005;0.000;0.000;0.000;0.001;0.001;0.001;0.001;0.000;0.000;0.001;0.000;0.001;0.001;0.000;0.000;0.000;0.000;0.000;0.001;0.002;0.000;0.000;0.003;0.046;0.001;0.000;0.001
"2021";"94 Järjestöjen toiminta";"Käypiin hintoihin, miljoonaa euroa";0.002;0.000;0.001;0.001;0.000;0.001;0.001;0.000;0.000;0.002;0.000;0.000;0.001;0.001;0.001;0.000;0.001;0.000;0.001;0.001;0.001;0.001;0.001;0.001;0.001;0.000;0.001;0.001;0.003;0.003;0.006;0.002;0.002;0.005;0.003;0.003;0.007;0.001;0.002;0.002;0.003;0.004;0.006;0.007;0.002;0.000;0.005;0.002;0.014;0.001;0.001;0.001;0.002;0.002;0.002;0.003;0.006;0.002;0.003;0.004;0.009;0.008;0.002;0.002
"2021";"95 Tietokoneiden, henkilökohtaisten ja kotitaloustavaroiden korjaus";"Käypiin hintoihin, miljoonaa euroa";0.000;0.000;0.000;0.000;0.000;0.000;0.000;0.000;0.000;0.000;0.000;0.000;0.000;0.000;0.000;0.000;0.000;0.000;0.000;0.000;0.000;0.000;0.000;0.000;0.000;0.000;0.000;0.000;0.000;0.004;0.000;0.000;0.000;0.000;0.000;0.000;0.000;0.000;0.000;0.000;0.001;0.000;0.000;0.000;0.000;0.000;0.000;0.001;0.001;0.000;0.000;0.000;0.000;0.003;0.000;0.001;0.000;0.000;0.000;0.000;0.000;0.000;0.006;0.000
"2021";"96 Muut henkilökohtaiset palvelut";"Käypiin hintoihin, miljoonaa euroa";0.001;0.000;0.000;0.003;0.000;0.000;0.000;0.000;0.000;0.000;0.000;0.000;0.000;0.000;0.000;0.000;0.000;0.000;0.000;0.000;0.000;0.000;0.000;0.000;0.000;.;0.000;0.000;0.000;0.000;0.000;0.000;0.000;0.000;0.000;0.000;0.009;0.000;0.000;0.000;0.000;0.000;0.000;0.000;0.000;0.000;0.000;0.000;0.000;0.000;0.001;0.000;0.000;0.000;0.000;0.002;0.003;0.006;0.005;0.002;0.004;0.000;0.000;0.035
"2021";"A-X toimialat yhteensä (00-99)";"Käypiin hintoihin, miljoonaa euroa";0.369;0.514;0.304;0.397;0.457;0.614;0.312;0.626;0.614;0.454;0.201;0.317;0.158;0.314;0.489;0.440;0.434;0.274;0.336;0.371;0.333;0.596;0.356;0.383;0.338;0.350;0.465;0.503;0.332;0.376;0.367;0.420;0.285;0.577;0.550;0.449;0.495;0.308;0.280;0.361;0.297;0.424;0.323;0.418;0.318;0.138;0.327;0.305;0.248;0.372;0.418;0.464;0.225;0.559;0.347;0.321;0.197;0.279;0.214;0.351;0.398;0.338;0.193;0.305
"2021";"P7_USE Tuontituotteiden käyttö yhteensä";"Käypiin hintoihin, miljoonaa euroa";0.149;0.117;0.049;0.062;0.123;0.169;0.289;0.105;0.167;0.154;0.743;0.444;0.139;0.354;0.195;0.429;0.217;0.317;0.333;0.266;0.332;0.219;0.284;0.179;0.162;0.061;0.104;0.109;0.169;0.099;0.092;0.086;0.418;0.485;0.139;0.086;0.115;0.192;0.133;0.092;0.184;0.063;0.071;0.098;0.031;0.007;0.133;0.108;0.068;0.137;0.115;0.101;0.021;0.199;0.101;0.068;0.029;0.093;0.035;0.085;0.088;0.054;0.189;0.105
"2021";"D21N Tuoteverot miinus tuotetukipalkkiot";"Käypiin hintoihin, miljoonaa euroa";0.021;0.021;0.018;0.003;0.018;-0.024;0.005;0.002;0.004;0.002;0.008;0.004;0.001;0.007;0.005;0.002;0.002;0.001;0.003;0.003;0.003;0.006;0.004;0.002;0.031;0.005;0.005;0.019;0.004;0.005;0.004;0.067;0.003;0.036;0.006;0.005;0.026;0.000;0.009;0.005;0.007;0.072;0.064;0.082;0.013;0.025;0.004;0.003;0.019;0.003;0.005;0.010;0.003;0.012;0.014;0.070;0.040;0.055;0.048;0.040;0.060;0.101;0.007;0.010
"2021";"FIMUSE_OH Välituotekäyttö/loppukäyttö yhteensä ostajanhintaan";"Käypiin hintoihin, miljoonaa euroa";0.539;0.652;0.371;0.462;0.598;0.759;0.606;0.734;0.785;0.610;0.953;0.765;0.298;0.675;0.689;0.871;0.654;0.591;0.672;0.640;0.668;0.820;0.644;0.564;0.530;0.416;0.574;0.631;0.505;0.480;0.463;0.573;0.706;1.099;0.695;0.541;0.636;0.500;0.422;0.458;0.487;0.559;0.457;0.598;0.362;0.170;0.463;0.416;0.334;0.512;0.539;0.575;0.248;0.770;0.461;0.459;0.265;0.427;0.296;0.475;0.546;0.493;0.389;0.419
"2021";"D1K Palkansaajakorvaukset, menona";"Käypiin hintoihin, miljoonaa euroa";0.253;0.090;0.098;0.108;0.154;0.150;0.213;0.115;0.087;0.280;0.036;0.077;0.154;0.201;0.203;0.060;0.232;0.133;0.178;0.182;0.208;0.157;0.254;0.329;0.087;0.144;0.161;0.239;0.326;0.302;0.355;0.273;0.206;0.204;0.198;0.370;0.302;0.207;0.290;0.167;0.384;0.210;0.173;0.212;0.082;.;0.380;0.450;0.438;0.368;0.310;0.124;0.761;0.491;0.447;0.350;0.569;0.474;0.660;0.347;0.316;0.439;0.283;0.171
"2021";"D29N Muut tuotantoverot miinus muut tuotantotukipalkkiot";"Käypiin hintoihin, miljoonaa euroa";-0.002;-0.325;-0.002;-0.032;0.001;-0.002;-0.007;-0.001;-0.005;-0.006;0.000;-0.002;-0.001;-0.001;0.000;0.000;-0.003;-0.003;-0.001;-0.003;-0.004;-0.019;-0.007;-0.002;0.007;0.002;0.002;-0.001;.;-0.003;-0.003;-0.002;-0.058;-0.005;0.000;.;-0.038;-0.001;-0.024;-0.003;-0.006;0.041;0.000;-0.001;0.046;0.034;-0.004;-0.006;-0.011;-0.013;-0.018;-0.002;-0.007;-0.216;-0.003;0.000;-0.001;-0.001;0.000;-0.023;-0.028;0.006;.;-0.008
"2021";"P51CK Kiinteän pääoman kuluminen, menona";"Käypiin hintoihin, miljoonaa euroa";0.103;0.271;0.084;0.036;0.134;0.046;0.039;0.033;0.060;0.091;0.041;0.046;0.147;0.054;0.070;0.030;0.040;0.203;0.063;0.061;0.054;0.039;0.053;0.033;0.184;0.279;0.111;0.028;0.039;0.059;0.051;0.080;0.111;0.248;0.062;0.057;0.038;0.059;0.201;0.176;0.076;0.045;0.046;0.019;0.474;0.366;0.029;0.048;0.310;0.029;0.029;0.129;0.013;0.104;0.045;0.190;0.164;0.044;0.030;0.127;0.143;0.056;0.031;0.039
"2021";"B13N Toimintaylijäämä / sekatulo, netto";"Käypiin hintoihin, miljoonaa euroa";0.107;0.313;0.449;0.426;0.113;0.046;0.149;0.119;0.073;0.024;-0.030;0.115;0.402;0.073;0.038;0.038;0.077;0.075;0.089;0.120;0.074;0.003;0.055;0.076;0.192;0.159;0.152;0.103;0.130;0.161;0.134;0.075;0.035;-0.545;0.045;0.032;0.062;0.236;0.110;0.202;0.059;0.145;0.324;0.172;0.035;0.430;0.132;0.091;-0.071;0.104;0.141;0.175;-0.015;-0.149;0.049;.;0.004;0.057;0.014;0.073;0.023;0.007;0.297;0.379
"2021";"B1GPH Bruttoarvonlisäys perushintaan";"Käypiin hintoihin, miljoonaa euroa";0.461;0.348;0.629;0.538;0.402;0.241;0.394;0.266;0.215;0.390;0.047;0.235;0.702;0.325;0.311;0.129;0.346;0.409;0.328;0.360;0.332;0.180;0.356;0.436;0.470;0.584;0.426;0.369;0.495;0.520;0.537;0.427;0.294;-0.099;0.305;0.459;0.364;0.500;0.578;0.542;0.513;0.441;0.543;0.402;0.638;0.830;0.537;0.584;0.666;0.488;0.461;0.425;0.752;0.230;0.539;0.541;0.735;0.573;0.704;0.525;0.454;0.507;0.611;0.581
"2021";"P1R Tuotos perushintaan";"Käypiin hintoihin, miljoonaa euroa";1.000;1.000;1.000;1.000;1.000;1.000;1.000;1.000;1.000;1.000;1.000;1.000;1.000;1.000;1.000;1.000;1.000;1.000;1.000;1.000;1.000;1.000;1.000;1.000;1.000;1.000;1.000;1.000;1.000;1.000;1.000;1.000;1.000;1.000;1.000;1.000;1.000;1.000;1.000;1.000;1.000;1.000;1.000;1.000;1.000;1.000;1.000;1.000;1.000;1.000;1.000;1.000;1.000;1.000;1.000;1.000;1.000;1.000;1.000;1.000;1.000;1.000;1.000;1.000
"2022";"01 Kasvinviljely ja kotieläintalous, riistatalous ja niihin liittyvät palvelut";"Käypiin hintoihin, miljoonaa euroa";0.009;0.194;0.015;.;.;0.226;0.001;0.000;0.000;.;.;0.000;.;0.000;0.000;.;0.000;.;.;.;.;0.000;0.000;0.001;0.000;0.000;0.000;0.000;0.000;0.000;0.000;0.000;0.000;.;0.000;0.000;0.012;.;0.000;0.000;0.000;0.000;0.000;0.000;0.000;0.000;0.000;0.000;0.000;0.000;0.000;0.000;0.000;0.001;0.000;0.001;0.002;0.002;0.001;0.000;0.000;0.000;0.000;0.000
"2022";"02 Metsätalous ja puunkorjuu";"Käypiin hintoihin, miljoonaa euroa";0.009;0.001;0.177;0.000;0.002;0.000;0.000;0.202;0.101;0.000;.;0.000;0.000;0.000;0.000;0.000;0.000;0.000;0.000;0.000;0.000;0.000;0.000;0.000;0.006;0.000;0.000;0.000;0.000;0.000;0.000;0.000;0.000;0.000;0.000;0.000;0.000;0.000;0.000;0.000;0.000;0.000;0.000;0.000;0.000;0.000;0.000;0.000;0.000;0.000;0.000;0.000;0.000;0.000;0.000;0.000;0.001;0.000;0.000;0.000;0.000;0.000;0.000;0.000
"2022";"03 Kalastus ja vesiviljely";"Käypiin hintoihin, miljoonaa euroa";0.000;0.000;0.000;0.194;.;0.003;.;.;.;.;.;0.000;.;.;.;.;.;.;.;.;.;.;.;.;0.000;0.000;0.000;0.000;0.000;0.000;.;0.000;0.000;0.000;0.000;.;0.004;0.000;0.000;0.000;0.000;0.000;0.000;0.000;0.000;0.000;0.000;0.000;0.000;0.000;0.000;0.001;0.000;.;0.000;0.000;0.000;0.000;0.000;0.000;0.000;0.000;0.000;0.000
"2022";"B Kaivostoiminta ja louhinta (05-09)";"Käypiin hintoihin, miljoonaa euroa";0.003;0.001;0.001;0.000;0.133;0.000;0.000;0.002;0.002;0.000;0.000;0.009;0.000;0.000;0.034;0.015;0.001;0.000;0.000;0.000;0.001;0.000;0.001;0.000;0.011;0.001;0.003;0.003;0.000;0.000;0.001;0.000;0.000;0.000;0.000;0.000;0.000;0.000;0.000;0.000;0.000;0.000;0.000;0.000;0.000;0.000;0.000;0.000;0.000;0.000;0.002;0.000;0.000;0.000;0.001;0.000;0.000;0.000;0.000;0.000;0.000;0.000;0.004;0.002
"2022";"10-12 Elintarviketeollisuus ym.";"Käypiin hintoihin, miljoonaa euroa";0.012;0.145;0.001;0.067;0.002;0.150;0.001;0.002;0.005;0.001;0.001;0.008;0.002;0.001;0.001;0.001;0.001;0.003;0.001;0.002;0.001;0.002;0.001;0.002;0.001;0.001;0.002;0.002;0.003;0.002;0.002;0.002;0.009;0.001;0.019;0.002;0.116;0.001;0.002;0.008;0.013;0.002;0.005;0.005;0.004;0.000;0.017;0.009;0.008;0.027;0.024;0.044;0.002;0.000;0.012;0.004;0.004;0.005;0.003;0.005;0.006;0.012;0.002;0.002
"2022";"13-15 Tekstiiliteollisuus";"Käypiin hintoihin, miljoonaa euroa";0.001;0.000;0.000;0.000;0.001;0.000;0.027;0.000;0.001;0.001;0.000;0.000;0.001;0.003;0.003;0.000;0.000;0.001;0.000;0.001;0.000;0.002;0.002;0.000;0.000;0.000;0.003;0.001;0.000;0.001;0.000;0.000;0.001;0.000;0.000;0.000;0.000;0.000;0.001;0.001;0.001;0.000;0.000;0.000;0.000;0.000;0.001;0.002;0.001;0.001;0.003;0.002;0.001;0.000;0.003;0.001;0.000;0.000;0.000;0.000;0.000;0.000;0.000;0.000
"2022";"16 Sahatavaran sekä puu- ja korkkituotteiden valmistus (pl. huonekalut); olki- ja punontatuotteiden valmistus";"Käypiin hintoihin, miljoonaa euroa";0.010;0.001;0.000;0.000;0.005;0.001;0.002;0.118;0.030;0.001;0.000;0.001;0.001;0.005;0.007;0.008;0.003;0.001;0.002;0.002;0.003;0.005;0.031;0.001;0.016;0.000;0.009;0.056;0.001;0.002;0.003;0.000;0.001;0.000;0.002;0.000;0.001;0.001;0.001;0.001;0.001;0.001;0.001;0.001;0.001;0.000;0.002;0.001;0.001;0.003;0.003;0.004;0.000;0.000;0.003;0.001;0.000;0.000;0.000;0.001;0.001;0.001;0.002;0.002
"2022";"17 Paperin, paperi- ja kartonkituotteiden valmistus";"Käypiin hintoihin, miljoonaa euroa";0.009;0.002;0.001;0.001;0.004;0.020;0.008;0.007;0.138;0.071;0.002;0.008;0.009;0.012;0.007;0.006;0.004;0.005;0.008;0.003;0.005;0.005;0.010;0.003;0.004;0.002;0.006;0.004;0.007;0.007;0.005;0.001;0.003;0.002;0.003;0.002;0.004;0.012;0.008;0.002;0.004;0.002;0.002;0.002;0.002;0.000;0.007;0.004;0.003;0.006;0.008;0.009;0.002;0.001;0.007;0.002;0.001;0.003;0.001;0.004;0.003;0.003;0.008;0.003
"2022";"18 Painaminen ja tallenteiden jäljentäminen";"Käypiin hintoihin, miljoonaa euroa";0.002;0.000;0.000;0.000;0.000;0.002;0.001;0.000;0.000;0.083;0.000;0.000;0.001;0.001;0.000;0.000;0.000;0.001;0.000;0.000;0.000;0.000;0.001;0.000;0.001;0.000;0.001;0.000;0.003;0.001;0.001;0.000;0.001;0.001;0.002;0.001;0.002;0.028;0.011;0.016;0.007;0.000;0.000;0.001;0.000;0.000;0.004;0.000;0.004;0.002;0.001;0.001;0.000;0.007;0.001;0.001;0.001;0.001;0.001;0.005;0.014;0.000;0.001;0.000
"2022";"19 Koksin ja jalostettujen öljytuotteiden valmistus";"Käypiin hintoihin, miljoonaa euroa";0.009;0.019;0.028;0.029;0.049;0.003;0.001;0.000;0.001;0.002;0.080;0.014;0.002;0.002;0.008;0.003;0.001;0.001;0.000;0.001;0.001;0.007;0.000;0.001;0.010;0.001;0.003;0.008;0.009;0.003;0.001;0.093;0.058;0.085;0.005;0.008;0.000;0.000;0.000;0.001;0.001;0.006;0.001;0.004;0.001;0.000;0.000;0.002;0.001;0.000;0.005;0.003;0.001;0.001;0.006;0.003;0.002;0.001;0.002;0.004;0.006;0.006;0.000;0.007
"2022";"20 Kemikaalien ja kemiallisten tuotteiden valmistus";"Käypiin hintoihin, miljoonaa euroa";0.007;0.021;0.006;0.000;0.012;0.004;0.005;0.009;0.029;0.006;0.059;0.072;0.008;0.037;0.010;0.011;0.006;0.002;0.002;0.002;0.009;0.007;0.005;0.001;0.001;0.001;0.019;0.005;0.001;0.001;0.001;0.000;0.000;0.000;0.002;0.000;0.001;0.001;0.001;0.000;0.001;0.000;0.000;0.000;0.000;0.000;0.001;0.002;0.000;0.001;0.001;0.005;0.000;0.000;0.002;0.001;0.000;0.001;0.000;0.001;0.001;0.001;0.001;0.005
"2022";"21 Lääkeaineiden ja lääkkeiden valmistus";"Käypiin hintoihin, miljoonaa euroa";0.001;0.000;0.000;0.000;0.000;0.000;0.000;0.000;0.000;0.000;0.000;0.000;0.008;0.000;0.000;0.000;0.000;0.000;0.000;0.000;0.000;0.000;0.000;0.000;0.000;0.000;0.000;0.000;0.000;0.000;0.000;0.000;0.000;0.000;0.000;0.000;0.000;0.000;0.000;0.000;0.000;0.000;0.000;0.000;0.000;0.000;0.000;0.000;0.000;0.000;0.001;0.000;0.000;0.000;0.000;0.000;0.000;0.008;0.001;0.000;0.000;0.000;0.000;0.000
"2022";"22 Kumi- ja muovituotteiden valmistus";"Käypiin hintoihin, miljoonaa euroa";0.003;0.000;0.000;0.000;0.003;0.011;0.012;0.005;0.002;0.005;0.000;0.002;0.007;0.042;0.005;0.001;0.003;0.002;0.003;0.002;0.005;0.005;0.008;0.004;0.001;0.001;0.001;0.013;0.002;0.001;0.000;0.001;0.001;0.000;0.003;0.000;0.001;0.000;0.001;0.001;0.000;0.000;0.000;0.000;0.000;0.000;0.000;0.001;0.000;0.001;0.002;0.005;0.000;0.000;0.000;0.001;0.001;0.001;0.001;0.001;0.001;0.000;0.004;0.007
"2022";"23 Muiden ei-metallisten mineraalituotteiden valmistus";"Käypiin hintoihin, miljoonaa euroa";0.005;0.000;0.000;0.000;0.003;0.000;0.001;0.006;0.001;0.004;0.000;0.002;0.000;0.003;0.098;0.002;0.003;0.001;0.001;0.001;0.003;0.004;0.003;0.003;0.000;0.001;0.001;0.047;0.003;0.001;0.001;0.000;0.000;0.000;0.000;0.001;0.000;0.000;0.001;0.001;0.001;0.000;0.000;0.000;0.000;0.000;0.001;0.002;0.000;0.001;0.003;0.001;0.001;0.000;0.000;0.000;0.000;0.000;0.000;0.000;0.000;0.000;0.000;0.003
"2022";"24 Metallien jalostus";"Käypiin hintoihin, miljoonaa euroa";0.010;0.001;0.000;0.000;0.002;0.002;0.002;0.003;0.005;0.001;0.000;0.008;0.001;0.013;0.028;0.104;0.175;0.004;0.025;0.016;0.029;0.030;0.011;0.007;0.001;0.000;0.004;0.002;0.001;0.002;0.002;0.000;0.001;0.001;0.001;0.001;0.001;0.001;0.000;0.001;0.001;0.001;0.000;0.000;0.000;0.000;0.002;0.001;0.000;0.001;0.002;0.001;0.000;0.000;0.001;0.000;0.000;0.000;0.000;0.000;0.000;0.000;0.001;0.000
"2022";"25 Metallituotteiden valmistus (pl. koneet ja laitteet)";"Käypiin hintoihin, miljoonaa euroa";0.013;0.001;0.000;0.001;0.004;0.004;0.002;0.009;0.002;0.002;0.001;0.001;0.001;0.008;0.013;0.099;0.071;0.003;0.027;0.071;0.014;0.049;0.016;0.028;0.005;0.017;0.007;0.042;0.001;0.003;0.002;0.001;0.003;0.001;0.004;0.002;0.001;0.001;0.001;0.002;0.002;0.000;0.000;0.001;0.000;0.000;0.002;0.004;0.001;0.003;0.008;0.005;0.002;0.000;0.002;0.004;0.000;0.000;0.000;0.002;0.002;0.001;0.003;0.003
"2022";"26 Tietokoneiden sekä elektronisten ja optisten tuotteiden valmistus";"Käypiin hintoihin, miljoonaa euroa";0.009;0.002;0.001;0.001;0.004;0.005;0.007;0.008;0.006;0.008;0.001;0.004;0.004;0.007;0.008;0.005;0.006;0.034;0.011;0.010;0.012;0.010;0.007;0.013;0.005;0.003;0.005;0.005;0.007;0.010;0.007;0.007;0.003;0.005;0.008;0.017;0.007;0.019;0.027;0.031;0.035;0.005;0.004;0.005;0.003;0.000;0.011;0.030;0.011;0.036;0.024;0.018;0.010;0.014;0.014;0.009;0.003;0.008;0.002;0.011;0.007;0.003;0.009;0.009
"2022";"27 Sähkölaitteiden valmistus";"Käypiin hintoihin, miljoonaa euroa";0.003;0.000;0.000;0.000;0.001;0.001;0.001;0.001;0.001;0.001;0.000;0.001;0.001;0.002;0.003;0.001;0.002;0.006;0.078;0.011;0.010;0.017;0.003;0.018;0.009;0.004;0.004;0.007;0.001;0.001;0.001;0.000;0.001;0.001;0.001;0.001;0.001;0.001;0.001;0.003;0.002;0.000;0.000;0.000;0.000;0.000;0.002;0.002;0.001;0.002;0.004;0.003;0.001;0.000;0.003;0.001;0.000;0.000;0.000;0.001;0.001;0.000;0.001;0.000
"2022";"28 Muiden koneiden ja laitteiden valmistus";"Käypiin hintoihin, miljoonaa euroa";0.009;0.003;0.000;0.001;0.027;0.006;0.004;0.009;0.019;0.005;0.010;0.003;0.003;0.007;0.009;0.009;0.011;0.011;0.011;0.059;0.027;0.047;0.009;0.046;0.015;0.050;0.010;0.012;0.003;0.008;0.006;0.002;0.004;0.003;0.005;0.007;0.004;0.011;0.005;0.005;0.006;0.001;0.001;0.002;0.001;0.000;0.004;0.014;0.002;0.004;0.025;0.011;0.006;0.001;0.004;0.002;0.001;0.001;0.001;0.005;0.003;0.002;0.004;0.003
"2022";"29 Moottoriajoneuvojen, perävaunujen ja puoliperävaunujen valmistus";"Käypiin hintoihin, miljoonaa euroa";0.001;0.000;0.000;0.000;0.000;0.000;0.000;0.000;0.000;0.000;0.000;0.000;0.000;0.000;0.000;0.000;0.000;0.000;0.001;0.018;0.025;0.002;0.000;0.001;0.000;0.000;0.000;0.000;0.001;0.000;0.000;0.000;0.000;0.000;0.002;0.000;0.000;0.000;0.000;0.000;0.000;0.000;0.000;0.000;0.000;0.000;0.000;0.000;0.000;0.000;0.000;0.000;0.000;0.000;0.000;0.000;0.000;0.000;0.000;0.000;0.000;0.000;0.000;0.000
"2022";"30 Muiden kulkuneuvojen valmistus";"Käypiin hintoihin, miljoonaa euroa";0.001;0.000;0.000;0.000;0.000;0.000;0.000;0.000;0.000;0.000;0.000;0.000;0.000;0.001;0.000;0.000;0.002;0.000;0.000;0.000;0.000;0.148;0.001;0.000;0.000;0.000;0.000;0.001;0.000;0.000;0.000;0.000;0.003;0.000;0.000;0.000;0.000;0.000;0.000;0.000;0.000;0.000;0.000;0.000;0.000;0.000;0.000;0.000;0.000;0.000;0.001;0.000;0.000;0.000;0.000;0.000;0.000;0.000;0.000;0.000;0.000;0.000;0.000;0.000
"2022";"31, 32 Muu valmistus ml. huonekalut";"Käypiin hintoihin, miljoonaa euroa";0.002;0.000;0.000;0.000;0.000;0.000;0.001;0.001;0.000;0.001;0.000;0.000;0.000;0.001;0.000;0.001;0.001;0.001;0.001;0.000;0.001;0.022;0.043;0.001;0.000;0.000;0.002;0.006;0.001;0.000;0.000;0.000;0.000;0.000;0.001;0.000;0.001;0.000;0.001;0.001;0.001;0.001;0.001;0.001;0.000;0.000;0.005;0.002;0.002;0.007;0.007;0.008;0.001;0.000;0.003;0.001;0.001;0.001;0.000;0.001;0.002;0.000;0.001;0.001
"2022";"33 Koneiden ja laitteiden korjaus, huolto ja asennus";"Käypiin hintoihin, miljoonaa euroa";0.005;0.007;0.000;0.008;0.015;0.004;0.007;0.005;0.011;0.004;0.007;0.002;0.001;0.002;0.005;0.003;0.006;0.006;0.003;0.008;0.004;0.027;0.007;0.070;0.017;0.083;0.027;0.005;0.001;0.005;0.003;0.009;0.024;0.047;0.005;0.009;0.003;0.001;0.000;0.012;0.001;0.000;0.000;0.001;0.000;0.000;0.000;0.007;0.001;0.001;0.014;0.005;0.003;0.000;0.007;0.002;0.000;0.001;0.001;0.001;0.003;0.001;0.000;0.005
"2022";"35 Sähkö-, kaasu- ja lämpöhuolto, jäähdytysliiketoiminta";"Käypiin hintoihin, miljoonaa euroa";0.018;0.018;0.007;0.015;0.067;0.020;0.028;0.028;0.066;0.017;0.003;0.020;0.007;0.028;0.030;0.025;0.010;0.007;0.005;0.006;0.012;0.009;0.006;0.013;0.025;0.027;0.028;0.005;0.011;0.012;0.027;0.009;0.003;0.003;0.016;0.005;0.020;0.006;0.003;0.028;0.004;0.010;0.008;0.014;0.054;0.013;0.003;0.006;0.007;0.002;0.003;0.002;0.001;0.001;0.004;0.024;0.017;0.017;0.018;0.029;0.047;0.087;0.003;0.015
"2022";"36 Veden otto, puhdistus ja jakelu";"Käypiin hintoihin, miljoonaa euroa";0.001;0.000;0.000;0.000;0.004;0.002;0.002;0.000;0.000;0.002;0.000;0.001;0.001;0.001;0.001;0.001;0.001;0.001;0.000;0.001;0.000;0.001;0.001;0.001;0.001;0.000;0.001;0.001;0.001;0.001;0.001;0.000;0.001;0.000;0.000;0.001;0.003;0.001;0.000;0.000;0.001;0.001;0.001;0.001;0.003;0.001;0.000;0.002;0.001;0.000;0.000;0.000;0.000;0.000;0.000;0.001;0.002;0.000;0.001;0.001;0.001;0.000;0.000;0.002
"2022";"37-39 Jäte- ja jätevesihuolto";"Käypiin hintoihin, miljoonaa euroa";0.006;0.000;0.000;0.000;0.016;0.005;0.003;0.001;0.002;0.003;0.000;0.002;0.001;0.002;0.003;0.014;0.004;0.003;0.001;0.003;0.002;0.002;0.001;0.002;0.033;0.003;0.185;0.004;0.002;0.002;0.008;0.001;0.003;0.001;0.001;0.002;0.008;0.000;0.001;0.000;0.002;0.001;0.001;0.003;0.016;0.006;0.000;0.012;0.001;0.000;0.000;0.001;0.000;0.000;0.015;0.006;0.002;0.002;0.002;0.001;0.003;0.004;0.001;0.004
"2022";"F Rakentaminen (41-43)";"Käypiin hintoihin, miljoonaa euroa";0.019;0.024;0.000;0.000;0.010;0.003;0.002;0.001;0.001;0.003;0.001;0.001;0.001;0.003;0.003;0.002;0.001;0.002;0.001;0.002;0.001;0.001;0.004;0.004;0.043;0.121;0.056;0.106;0.002;0.010;0.008;0.011;0.009;0.022;0.006;0.004;0.002;0.001;0.001;0.004;0.001;0.003;0.001;0.003;0.058;0.049;0.001;0.000;0.003;0.001;0.000;0.003;0.000;0.000;0.013;0.031;0.006;0.002;0.003;0.004;0.004;0.000;0.001;0.003
"2022";"45 Moottoriajoneuvojen ja moottoripyörien tukku- ja vähittäiskauppa sekä korjaus";"Käypiin hintoihin, miljoonaa euroa";0.006;0.017;0.007;0.000;0.000;0.000;0.000;0.002;0.000;0.000;0.000;0.000;0.000;0.006;0.002;0.001;0.000;0.001;0.001;0.005;0.000;0.001;0.001;0.001;0.000;0.000;0.002;0.001;0.145;0.007;0.002;0.112;0.001;0.001;0.004;0.003;0.001;0.001;0.000;0.000;0.000;0.000;0.000;0.000;0.000;0.000;0.001;0.000;0.001;0.000;0.001;0.030;0.000;0.001;0.001;0.003;0.002;0.001;0.003;0.004;0.005;0.016;0.000;0.000
"2022";"46 Tukkukauppa (pl. moottoriajoneuvojen ja moottoripyörien kauppa)";"Käypiin hintoihin, miljoonaa euroa";0.018;0.021;0.008;0.009;0.015;0.020;0.036;0.061;0.034;0.034;0.009;0.008;0.010;0.016;0.024;0.026;0.011;0.011;0.035;0.023;0.041;0.040;0.033;0.028;0.024;0.014;0.025;0.037;0.013;0.010;0.010;0.009;0.016;0.018;0.014;0.004;0.031;0.030;0.036;0.012;0.017;0.006;0.006;0.008;0.003;0.000;0.021;0.020;0.011;0.032;0.024;0.027;0.002;0.003;0.021;0.007;0.005;0.016;0.005;0.031;0.022;0.010;0.040;0.021
"2022";"47 Vähittäiskauppa (pl. moottoriajoneuvojen ja moottoripyörien kauppa)";"Käypiin hintoihin, miljoonaa euroa";0.003;0.002;0.003;0.004;0.005;0.002;0.002;0.001;0.001;0.002;0.000;0.001;0.001;0.001;0.001;0.003;0.001;0.005;0.001;0.001;0.001;0.001;0.002;0.001;0.001;0.001;0.000;0.007;0.003;0.006;0.006;0.007;0.003;0.003;0.003;0.003;0.004;0.003;0.001;0.002;0.003;0.002;0.001;0.001;0.001;0.000;0.004;0.001;0.004;0.002;0.001;0.001;0.000;0.001;0.002;0.002;0.001;0.001;0.001;0.002;0.002;0.002;0.004;0.002
"2022";"49 Maaliikenne ja putkijohtokuljetus";"Käypiin hintoihin, miljoonaa euroa";0.015;0.001;0.003;0.001;0.015;0.030;0.019;0.028;0.044;0.023;0.011;0.013;0.006;0.017;0.027;0.009;0.007;0.005;0.009;0.011;0.019;0.005;0.012;0.002;0.002;0.002;0.001;0.009;0.006;0.037;0.017;0.111;0.004;0.002;0.035;0.154;0.005;0.009;0.002;0.002;0.001;0.006;0.007;0.009;0.001;0.000;0.003;0.002;0.009;0.001;0.003;0.009;0.001;0.001;0.001;0.024;0.012;0.010;0.013;0.012;0.019;0.014;0.007;0.056
"2022";"50 Vesiliikenne";"Käypiin hintoihin, miljoonaa euroa";0.001;0.000;0.000;0.000;0.000;0.000;0.000;0.000;0.000;0.000;0.003;0.000;0.000;0.000;0.003;0.001;0.001;0.000;0.000;0.000;0.000;0.000;0.000;0.000;0.000;0.000;0.000;0.001;0.002;0.002;0.002;0.001;0.002;0.002;0.002;0.001;0.004;0.001;0.000;0.000;0.001;0.001;0.000;0.001;0.000;0.000;0.001;0.000;0.002;0.000;0.000;0.001;0.001;0.011;0.001;0.001;0.002;0.001;0.001;0.001;0.001;0.002;0.000;0.000
"2022";"51 Ilmaliikenne";"Käypiin hintoihin, miljoonaa euroa";0.001;0.000;0.001;0.002;0.000;0.000;0.000;0.000;0.000;0.000;0.000;0.000;0.000;0.000;0.000;0.000;0.000;0.001;0.000;0.000;0.000;0.000;0.000;0.000;0.000;0.000;0.000;0.000;0.001;0.001;0.001;0.000;0.000;0.051;0.002;0.004;0.003;0.001;0.000;0.001;0.001;0.001;0.001;0.003;0.000;0.000;0.001;0.000;0.002;0.000;0.000;0.000;0.000;0.008;0.000;0.001;0.001;0.001;0.001;0.001;0.003;0.003;0.000;0.000
"2022";"52 Varastointi ja liikennettä palveleva toiminta";"Käypiin hintoihin, miljoonaa euroa";0.015;0.001;0.000;0.000;0.020;0.024;0.023;0.031;0.052;0.025;0.005;0.012;0.006;0.021;0.029;0.009;0.009;0.010;0.013;0.017;0.022;0.007;0.018;0.002;0.002;0.005;0.026;0.002;0.013;0.049;0.013;0.016;0.015;0.051;0.266;0.075;0.002;0.008;0.003;0.001;0.001;0.001;0.001;0.001;0.001;0.000;0.001;0.001;0.002;0.001;0.001;0.002;0.001;0.000;0.001;0.004;0.001;0.001;0.001;0.001;0.002;0.002;0.002;0.008
"2022";"53 Posti- ja kuriiritoiminta";"Käypiin hintoihin, miljoonaa euroa";0.002;0.001;0.001;0.001;0.003;0.004;0.007;0.004;0.004;0.006;0.000;0.003;0.001;0.005;0.006;0.001;0.004;0.004;0.006;0.006;0.006;0.001;0.006;0.002;0.001;0.000;0.000;0.001;0.001;0.005;0.002;0.001;0.004;0.003;0.004;0.007;0.002;0.000;0.001;0.000;0.001;0.002;0.006;0.003;0.001;0.000;0.002;0.000;0.001;0.000;0.000;0.000;0.001;0.001;0.000;0.005;0.002;0.001;0.003;0.003;0.005;0.010;0.000;0.000
"2022";"I Majoitus- ja ravitsemistoiminta (55-56)";"Käypiin hintoihin, miljoonaa euroa";0.005;0.001;0.002;0.001;0.000;0.001;0.000;0.001;0.001;0.003;0.000;0.001;0.002;0.002;0.002;0.001;0.001;0.002;0.002;0.001;0.000;0.000;0.002;0.001;0.000;0.000;0.000;0.002;0.003;0.009;0.003;0.002;0.007;0.028;0.003;0.003;0.030;0.001;0.003;0.001;0.002;0.017;0.008;0.015;0.001;0.000;0.005;0.001;0.006;0.002;0.003;0.001;0.001;0.006;0.001;0.012;0.018;0.016;0.024;0.012;0.018;0.017;0.002;0.002
"2022";"58 Kustannustoiminta";"Käypiin hintoihin, miljoonaa euroa";0.005;0.000;0.000;0.000;0.000;0.003;0.003;0.001;0.003;0.008;0.000;0.001;0.004;0.002;0.002;0.001;0.001;0.004;0.002;0.002;0.001;0.001;0.003;0.002;0.002;0.000;0.001;0.001;0.003;0.006;0.008;0.001;0.002;0.005;0.002;0.002;0.004;0.076;0.015;0.005;0.024;0.008;0.008;0.016;0.001;0.000;0.003;0.001;0.004;0.003;0.002;0.002;0.002;0.007;0.003;0.006;0.005;0.002;0.004;0.021;0.012;0.016;0.003;0.001
"2022";"59, 60 Audiovisuaalinen toiminta";"Käypiin hintoihin, miljoonaa euroa";0.002;0.000;0.000;0.000;0.000;0.001;0.002;0.000;0.001;0.001;0.000;0.000;0.003;0.001;0.000;0.000;0.000;0.002;0.000;0.000;0.000;0.000;0.002;0.000;0.000;0.000;0.000;0.000;0.002;0.002;0.004;0.000;0.001;0.002;0.000;0.000;0.002;0.005;0.079;0.001;0.002;0.000;0.000;0.000;0.000;0.000;0.001;0.000;0.000;0.043;0.000;0.000;0.000;0.003;0.000;0.000;0.001;0.000;0.000;0.058;0.026;0.000;0.002;0.000
"2022";"61 Televiestintä";"Käypiin hintoihin, miljoonaa euroa";0.005;0.000;0.001;0.001;0.002;0.003;0.003;0.002;0.001;0.005;0.000;0.003;0.001;0.004;0.003;0.000;0.003;0.002;0.004;0.004;0.003;0.001;0.004;0.002;0.004;0.000;0.000;0.001;0.001;0.003;0.002;0.001;0.004;0.005;0.002;0.001;0.009;0.001;0.008;0.103;0.005;0.007;0.014;0.022;0.002;0.001;0.004;0.000;0.002;0.000;0.001;0.003;0.003;0.002;0.003;0.012;0.007;0.005;0.009;0.014;0.015;0.024;0.001;0.000
"2022";"62, 63 Tietojenkäsittelypalvelu";"Käypiin hintoihin, miljoonaa euroa";0.009;0.000;0.000;0.000;0.001;0.004;0.004;0.003;0.006;0.008;0.001;0.003;0.004;0.004;0.007;0.003;0.004;0.018;0.004;0.009;0.003;0.003;0.004;0.012;0.006;0.002;0.003;0.002;0.006;0.011;0.009;0.004;0.003;0.008;0.007;0.013;0.004;0.033;0.017;0.025;0.074;0.017;0.010;0.024;0.003;0.000;0.008;0.010;0.013;0.021;0.012;0.010;0.011;0.009;0.010;0.016;0.005;0.006;0.004;0.027;0.006;0.006;0.004;0.011
"2022";"64 Rahoituspalvelut (pl. vakuutus- ja eläkevakuutustoiminta)";"Käypiin hintoihin, miljoonaa euroa";0.011;0.014;0.006;0.001;0.005;0.005;0.010;0.003;0.005;0.007;0.001;0.002;0.002;0.007;0.007;0.001;0.007;0.004;0.007;0.007;0.007;0.004;0.008;0.005;0.017;0.007;0.002;0.002;0.003;0.005;0.015;0.002;0.007;0.008;0.006;0.010;0.009;0.003;0.002;0.003;0.005;0.083;0.060;0.157;0.049;0.038;0.013;0.002;0.002;0.002;0.002;0.005;0.001;0.002;0.003;0.007;0.004;0.004;0.005;0.004;0.008;0.012;0.001;0.001
"2022";"65 Vakuutus-, jälleenvakuutus- ja eläkevakuutustoiminta (pl. pakollinen sosiaalivakuutus)";"Käypiin hintoihin, miljoonaa euroa";0.002;0.003;0.001;0.000;0.003;0.003;0.007;0.003;0.002;0.005;0.000;0.003;0.001;0.006;0.005;0.000;0.005;0.003;0.006;0.006;0.005;0.001;0.006;0.003;0.001;0.000;0.000;0.000;0.005;0.002;0.001;0.001;0.005;0.005;0.000;0.001;0.000;0.000;0.000;0.000;0.000;0.004;0.005;0.007;0.009;0.005;0.001;0.000;0.001;0.000;0.001;0.011;0.000;0.000;0.000;0.002;0.001;0.002;0.002;0.002;0.002;0.005;0.000;0.000
"2022";"66 Rahoitusta ja vakuuttamista palveleva toiminta";"Käypiin hintoihin, miljoonaa euroa";0.005;0.000;0.001;0.001;0.001;0.002;0.005;0.001;0.001;0.003;0.000;0.002;0.001;0.004;0.003;0.000;0.002;0.001;0.004;0.003;0.004;0.001;0.005;0.002;0.001;0.000;0.000;0.000;0.001;0.003;0.002;0.000;0.003;0.007;0.000;0.001;0.001;0.000;0.001;0.000;0.001;0.168;0.031;0.051;0.001;0.000;0.002;0.000;0.000;0.000;0.000;0.001;0.000;0.001;0.000;0.001;0.000;0.000;0.000;0.002;0.001;0.005;0.000;0.000
"2022";"68 pl. 68202 Kiinteistöalan toiminta pl. asuntojen ja asuinkiinteistöjen hallinta";"Käypiin hintoihin, miljoonaa euroa";0.012;0.000;0.002;0.001;0.009;0.007;0.009;0.002;0.001;0.032;0.000;0.002;0.001;0.009;0.004;0.001;0.008;0.002;0.003;0.004;0.003;0.012;0.014;0.016;0.006;0.010;0.006;0.002;0.034;0.025;0.069;0.019;0.027;0.027;0.023;0.024;0.056;0.006;0.023;0.029;0.011;0.005;0.009;0.005;0.026;0.001;0.012;0.018;0.030;0.007;0.006;0.009;0.005;0.004;0.011;0.018;0.015;0.009;0.018;0.025;0.018;0.012;0.027;0.025
"2022";"68202 Asuntojen ja asuinkiinteistöjen hallinta";"Käypiin hintoihin, miljoonaa euroa";0.000;0.000;0.000;0.000;0.000;0.000;0.000;0.000;0.000;0.001;.;0.000;0.000;0.000;0.000;0.000;0.000;0.000;0.000;0.000;0.000;0.000;0.000;0.000;0.000;0.000;0.000;0.000;0.001;0.000;0.001;0.000;0.000;0.000;0.000;0.000;0.001;0.000;0.000;0.000;0.000;0.000;0.000;0.000;0.000;0.000;0.000;0.000;0.001;0.000;0.000;0.000;0.000;0.000;0.000;0.000;0.000;0.000;0.000;0.000;0.000;0.000;0.000;0.000
"2022";"69, 70 Liikkeenjohdon palvelut";"Käypiin hintoihin, miljoonaa euroa";0.013;0.001;0.002;0.001;0.003;0.013;0.014;0.006;0.006;0.010;0.001;0.007;0.013;0.011;0.009;0.008;0.007;0.028;0.013;0.009;0.007;0.003;0.014;0.004;0.006;0.001;0.001;0.008;0.018;0.022;0.030;0.001;0.013;0.016;0.008;0.009;0.011;0.024;0.005;0.008;0.015;0.007;0.010;0.011;0.019;0.002;0.158;0.010;0.016;0.112;0.009;0.008;0.011;0.009;0.008;0.023;0.003;0.003;0.003;0.007;0.011;0.013;0.006;0.003
"2022";"71 Arkkitehti- ja insinööripalvelut; tekninen testaus ja analysointi";"Käypiin hintoihin, miljoonaa euroa";0.011;0.001;0.000;0.000;0.027;0.001;0.001;0.018;0.001;0.001;0.000;0.003;0.003;0.002;0.003;0.001;0.010;0.013;0.002;0.012;0.007;0.070;0.001;0.013;0.004;0.003;0.002;0.062;0.002;0.002;0.002;0.001;0.004;0.002;0.002;0.004;0.002;0.000;0.001;0.001;0.003;0.000;0.000;0.000;0.001;0.000;0.000;0.137;0.015;0.001;0.001;0.003;0.002;0.000;0.001;0.024;0.002;0.001;0.000;0.001;0.001;0.000;0.001;0.001
"2022";"72 Tieteellinen tutkimus ja kehittäminen";"Käypiin hintoihin, miljoonaa euroa";0.001;0.000;0.000;0.000;0.000;0.000;0.000;0.000;0.001;0.000;0.000;0.000;0.005;0.000;0.000;0.000;0.000;0.028;0.002;0.000;0.000;0.000;0.000;0.000;0.000;0.000;0.000;0.000;0.000;0.000;0.000;0.000;0.000;0.000;0.000;0.000;0.000;0.000;0.000;0.000;0.004;0.000;0.000;0.000;0.000;0.000;0.000;0.000;0.002;0.000;0.000;0.000;0.000;0.000;0.000;0.000;0.000;0.000;0.000;0.000;0.000;0.000;0.000;0.000
"2022";"73 Mainostoiminta ja markkinatutkimus";"Käypiin hintoihin, miljoonaa euroa";0.002;0.000;0.000;0.000;0.000;0.004;0.005;0.001;0.002;0.001;0.000;0.001;0.008;0.002;0.002;0.000;0.001;0.005;0.001;0.001;0.001;0.001;0.005;0.001;0.001;0.000;0.000;0.000;0.005;0.008;0.011;0.000;0.002;0.007;0.000;0.001;0.004;0.015;0.003;0.005;0.006;0.001;0.000;0.000;0.001;0.000;0.003;0.001;0.001;0.008;0.001;0.001;0.001;0.010;0.001;0.000;0.000;0.001;0.000;0.002;0.005;0.000;0.007;0.001
"2022";"74, 75 Muut liike-elämän palvelut ja eläinlääkintä";"Käypiin hintoihin, miljoonaa euroa";0.003;0.006;0.002;0.000;0.000;0.000;0.000;0.000;0.000;0.005;0.000;0.000;0.000;0.000;0.001;0.000;0.000;0.004;0.000;0.001;0.000;0.000;0.000;0.000;0.000;0.000;0.000;0.001;0.004;0.012;0.002;0.001;0.001;0.005;0.001;0.002;0.001;0.001;0.009;0.016;0.003;0.003;0.004;0.005;0.001;0.000;0.001;0.001;0.001;0.022;0.110;0.041;0.020;0.000;0.025;0.006;0.001;0.000;0.000;0.003;0.004;0.007;0.000;0.000
"2022";"77 Vuokraus- ja leasingtoiminta";"Käypiin hintoihin, miljoonaa euroa";0.005;0.002;0.000;0.000;0.002;0.002;0.002;0.002;0.001;0.008;0.000;0.002;0.001;0.002;0.002;0.000;0.002;0.001;0.002;0.002;0.001;0.003;0.004;0.004;0.003;0.002;0.001;0.016;0.007;0.005;0.015;0.010;0.007;0.005;0.008;0.010;0.008;0.002;0.005;0.005;0.003;0.001;0.002;0.000;0.003;0.000;0.003;0.004;0.002;0.004;0.004;0.013;0.001;0.001;0.008;0.008;0.001;0.003;0.003;0.006;0.002;0.001;0.004;0.025
"2022";"78 Työllistämistoiminta";"Käypiin hintoihin, miljoonaa euroa";0.007;0.000;0.000;0.000;0.000;0.005;0.012;0.006;0.001;0.012;0.000;0.000;0.013;0.007;0.031;0.002;0.011;0.004;0.006;0.007;0.016;0.002;0.009;0.006;0.001;0.001;0.003;0.010;0.004;0.015;0.020;0.005;0.011;0.007;0.038;0.023;0.037;0.003;0.001;0.011;0.011;0.001;0.001;0.001;0.001;0.000;0.001;0.002;0.002;0.004;0.016;0.011;0.069;0.002;0.009;0.004;0.001;0.005;0.009;0.000;0.001;0.001;0.018;0.031
"2022";"79 Matkatoimistojen ja matkanjärjestäjien toiminta; varauspalvelut";"Käypiin hintoihin, miljoonaa euroa";0.001;0.000;0.000;0.000;0.000;0.000;0.000;0.000;0.000;0.000;0.000;0.000;0.000;0.000;0.000;0.000;0.000;0.000;0.000;0.000;0.000;0.000;0.000;0.000;0.000;.;0.000;0.000;0.001;0.000;0.000;0.001;0.000;0.001;0.001;0.001;0.002;0.000;0.000;0.000;0.000;0.003;0.000;0.001;0.000;0.000;0.001;0.000;0.002;0.000;0.000;0.000;0.000;0.297;0.000;0.003;0.001;0.002;0.001;0.001;0.001;0.001;0.000;0.000
"2022";"80-82 Muut tukipalvelut";"Käypiin hintoihin, miljoonaa euroa";0.014;0.001;0.002;0.001;0.004;0.005;0.007;0.003;0.002;0.011;0.000;0.003;0.003;0.007;0.009;0.001;0.005;0.005;0.006;0.005;0.009;0.003;0.009;0.005;0.003;0.003;0.002;0.009;0.012;0.030;0.022;0.005;0.015;0.018;0.011;0.006;0.018;0.008;0.008;0.017;0.005;0.007;0.009;0.010;0.043;0.016;0.005;0.004;0.010;0.003;0.075;0.075;0.060;0.004;0.151;0.022;0.015;0.014;0.017;0.011;0.016;0.013;0.006;0.006
"2022";"84 Julkinen hallinto ja maanpuolustus; pakollinen sosiaalivakuutus";"Käypiin hintoihin, miljoonaa euroa";0.006;0.002;0.005;0.002;0.006;0.009;0.017;0.009;0.007;0.023;0.000;0.005;0.003;0.016;0.017;0.001;0.013;0.009;0.013;0.012;0.011;0.002;0.017;0.007;0.004;0.001;0.003;0.003;0.002;0.006;0.005;0.003;0.010;0.013;0.006;0.004;0.004;0.001;0.003;0.002;0.005;0.009;0.009;0.009;0.006;0.002;0.007;0.001;0.002;0.000;0.001;0.001;0.002;0.002;0.003;0.006;0.003;0.005;0.008;0.006;0.008;0.022;0.001;0.001
"2022";"85 Koulutus";"Käypiin hintoihin, miljoonaa euroa";0.003;0.000;0.000;0.000;0.000;0.000;0.000;0.000;0.000;0.000;0.000;0.000;0.003;0.000;0.003;0.000;0.000;0.014;0.002;0.001;0.001;0.000;0.001;0.000;0.000;0.000;0.000;0.000;0.000;0.000;0.001;0.001;0.001;0.000;0.000;0.003;0.001;0.000;0.001;0.000;0.001;0.001;0.001;0.002;0.000;0.000;0.001;0.000;0.066;0.000;0.001;0.000;0.000;0.000;0.000;0.006;0.033;0.002;0.005;0.004;0.007;0.021;0.000;0.000
"2022";"86 Terveyspalvelut";"Käypiin hintoihin, miljoonaa euroa";0.005;0.000;0.000;0.000;0.000;0.000;0.000;0.000;0.000;0.000;0.000;0.000;0.000;0.000;0.000;0.000;0.000;0.001;0.000;0.000;0.000;0.000;0.000;0.000;0.000;0.000;0.000;0.000;0.001;0.001;0.001;0.000;0.001;0.001;0.001;0.001;0.001;0.000;0.000;0.000;0.001;0.002;0.001;0.002;0.000;0.000;0.001;0.000;0.003;0.000;0.001;0.000;0.000;0.000;0.000;0.004;0.004;0.114;0.003;0.002;0.002;0.001;0.000;0.000
"2022";"87, 88  Sosiaalipalvelut";"Käypiin hintoihin, miljoonaa euroa";0.001;0.000;0.000;0.000;0.000;0.000;0.000;0.000;0.000;0.001;0.000;0.000;0.000;0.000;0.000;0.000;0.000;0.000;0.000;0.000;0.000;0.000;0.001;0.001;0.000;0.000;0.000;0.000;0.001;0.001;0.002;0.001;0.001;0.001;0.001;0.001;0.002;0.000;0.001;0.001;0.000;0.000;0.000;0.000;0.001;0.000;0.001;0.001;0.001;0.000;0.000;0.000;0.000;0.000;0.000;0.001;0.001;0.001;0.033;0.001;0.001;0.000;0.001;0.001
"2022";"90-92 Kulttuuritoiminta ja rahapelit";"Käypiin hintoihin, miljoonaa euroa";0.001;0.000;0.000;0.000;0.000;0.000;0.000;0.000;0.000;0.001;0.000;0.000;0.000;0.000;0.000;0.000;0.000;0.000;0.000;0.000;0.000;0.000;0.000;0.000;0.000;0.000;0.000;0.000;0.001;0.003;0.003;0.000;0.005;0.000;0.000;0.000;0.003;0.001;0.005;0.001;0.001;0.000;0.000;0.000;0.001;0.000;0.001;0.001;0.000;0.000;0.000;0.000;0.000;0.000;0.000;0.001;0.002;0.001;0.001;0.004;0.001;0.000;0.000;0.000
"2022";"93 Urheilutoiminta sekä huvi- ja virkistyspalvelut";"Käypiin hintoihin, miljoonaa euroa";0.001;0.000;0.000;0.000;0.000;0.000;0.000;0.000;0.000;0.001;0.000;0.000;0.001;0.001;0.001;0.000;0.000;0.001;0.000;0.000;0.000;0.000;0.001;0.000;0.000;0.000;0.000;0.000;0.001;0.002;0.001;0.001;0.001;0.001;0.000;0.001;0.006;0.001;0.000;0.000;0.001;0.001;0.001;0.001;0.000;0.000;0.001;0.000;0.001;0.001;0.001;0.000;0.000;0.001;0.000;0.001;0.002;0.000;0.000;0.004;0.062;0.002;0.000;0.001
"2022";"94 Järjestöjen toiminta";"Käypiin hintoihin, miljoonaa euroa";0.002;0.000;0.001;0.000;0.001;0.001;0.001;0.000;0.000;0.003;0.000;0.000;0.001;0.001;0.001;0.000;0.001;0.001;0.001;0.001;0.000;0.001;0.001;0.001;0.001;0.001;0.000;0.001;0.003;0.003;0.007;0.002;0.003;0.004;0.002;0.004;0.007;0.001;0.003;0.002;0.003;0.004;0.004;0.007;0.002;0.000;0.005;0.002;0.018;0.001;0.001;0.001;0.001;0.001;0.001;0.003;0.006;0.001;0.003;0.004;0.007;0.009;0.002;0.002
"2022";"95 Tietokoneiden, henkilökohtaisten ja kotitaloustavaroiden korjaus";"Käypiin hintoihin, miljoonaa euroa";0.000;0.000;0.000;0.000;0.000;0.000;0.000;0.000;0.000;0.000;0.000;0.000;0.000;0.000;0.001;0.000;0.000;0.000;0.000;0.000;0.000;0.000;0.000;0.001;0.000;0.000;0.000;0.000;0.000;0.005;0.000;0.000;0.000;0.000;0.000;0.000;0.000;0.000;0.000;0.000;0.001;0.000;0.000;0.000;0.000;0.000;0.000;0.001;0.004;0.000;0.000;0.000;0.000;0.001;0.000;0.001;0.000;0.000;0.000;0.000;0.000;0.000;0.004;0.000
"2022";"96 Muut henkilökohtaiset palvelut";"Käypiin hintoihin, miljoonaa euroa";0.001;0.000;0.000;0.004;0.000;0.000;0.000;0.000;0.000;0.000;0.000;0.000;0.000;0.000;0.000;0.000;0.000;0.000;0.000;0.001;0.005;0.000;0.000;0.000;0.000;0.000;0.000;0.000;0.000;0.000;0.000;0.000;0.000;0.000;0.000;0.000;0.008;0.000;0.000;0.000;0.000;0.000;0.000;0.000;0.000;0.000;0.000;0.000;0.000;0.000;0.001;0.000;0.000;0.000;0.000;0.002;0.003;0.007;0.006;0.002;0.004;0.000;0.000;0.045
"2022";"A-X toimialat yhteensä (00-99)";"Käypiin hintoihin, miljoonaa euroa";0.367;0.515;0.286;0.349;0.486;0.626;0.307;0.609;0.602;0.464;0.201;0.237;0.160;0.336;0.479;0.384;0.428;0.286;0.327;0.376;0.340;0.567;0.358;0.346;0.299;0.370;0.457;0.513;0.363;0.371;0.371;0.460;0.308;0.481;0.541;0.442;0.474;0.325;0.301;0.373;0.295;0.403;0.242;0.417;0.323;0.136;0.338;0.328;0.285;0.372;0.425;0.401;0.229;0.417;0.371;0.332;0.206;0.292;0.227;0.356;0.405;0.372;0.194;0.321
"2022";"P7_USE Tuontituotteiden käyttö yhteensä";"Käypiin hintoihin, miljoonaa euroa";0.175;0.142;0.072;0.061;0.127;0.190;0.340;0.107;0.204;0.187;0.695;0.510;0.138;0.387;0.228;0.448;0.241;0.342;0.381;0.297;0.374;0.269;0.270;0.237;0.190;0.079;0.133;0.120;0.157;0.101;0.099;0.086;0.407;0.380;0.144;0.097;0.119;0.191;0.143;0.111;0.198;0.063;0.050;0.098;0.034;0.007;0.139;0.105;0.079;0.130;0.108;0.166;0.020;0.278;0.104;0.076;0.033;0.091;0.032;0.108;0.097;0.069;0.202;0.112
"2022";"D21N Tuoteverot miinus tuotetukipalkkiot";"Käypiin hintoihin, miljoonaa euroa";0.018;0.014;0.015;0.020;0.013;-0.023;0.006;0.002;0.004;0.002;0.013;0.003;0.001;0.005;0.004;0.002;0.003;0.001;0.004;0.004;0.004;0.005;0.004;0.002;0.024;0.002;0.006;0.018;0.004;0.005;0.004;0.049;0.013;0.027;0.006;0.004;0.023;0.001;0.008;0.004;0.005;0.068;0.050;0.079;0.013;0.028;0.004;0.002;0.019;0.003;0.005;0.009;0.003;0.002;0.010;0.059;0.035;0.049;0.048;0.036;0.053;0.117;0.007;0.013
"2022";"FIMUSE_OH Välituotekäyttö/loppukäyttö yhteensä ostajanhintaan";"Käypiin hintoihin, miljoonaa euroa";0.560;0.671;0.373;0.430;0.626;0.793;0.654;0.719;0.810;0.653;0.909;0.750;0.299;0.728;0.711;0.833;0.672;0.630;0.712;0.677;0.718;0.841;0.631;0.584;0.514;0.451;0.596;0.650;0.525;0.477;0.473;0.595;0.729;0.888;0.691;0.544;0.616;0.517;0.453;0.489;0.499;0.535;0.342;0.594;0.370;0.171;0.481;0.435;0.382;0.506;0.539;0.575;0.252;0.697;0.485;0.467;0.274;0.432;0.307;0.500;0.556;0.558;0.402;0.446
"2022";"D1K Palkansaajakorvaukset, menona";"Käypiin hintoihin, miljoonaa euroa";0.240;0.075;0.094;0.098;0.148;0.143;0.216;0.110;0.069;0.264;0.018;0.056;0.143;0.187;0.182;0.047;0.210;0.127;0.163;0.180;0.206;0.154;0.243;0.321;0.073;0.155;0.162;0.234;0.330;0.305;0.356;0.260;0.157;0.140;0.190;0.360;0.283;0.229;0.268;0.169;0.391;0.215;0.158;0.299;0.083;.;0.380;0.443;0.423;0.376;0.311;0.120;0.792;0.287;0.467;0.341;0.558;0.474;0.652;0.341;0.302;0.388;0.285;0.177
"2022";"D29N Muut tuotantoverot miinus muut tuotantotukipalkkiot";"Käypiin hintoihin, miljoonaa euroa";0.000;-0.286;-0.002;-0.004;-0.007;-0.001;-0.002;-0.001;-0.002;-0.001;0.003;-0.001;.;-0.001;0.001;0.000;-0.002;-0.003;-0.001;-0.002;0.000;-0.017;-0.004;0.000;0.040;0.002;0.002;0.001;0.002;0.000;0.000;-0.002;-0.025;-0.003;0.002;0.001;-0.011;-0.001;-0.016;-0.002;-0.003;0.046;0.000;0.000;0.047;0.034;0.000;-0.002;-0.011;-0.003;-0.005;0.001;-0.001;-0.025;0.000;0.000;0.000;0.000;.;-0.007;-0.016;0.006;-0.003;-0.002
"2022";"P51CK Kiinteän pääoman kuluminen, menona";"Käypiin hintoihin, miljoonaa euroa";0.099;0.235;0.083;0.031;0.132;0.045;0.037;0.032;0.056;0.082;0.023;0.035;0.136;0.051;0.067;0.025;0.037;0.180;0.052;0.061;0.054;0.035;0.055;0.032;0.161;0.312;0.115;0.028;0.040;0.061;0.053;0.080;0.070;0.091;0.063;0.056;0.031;0.060;0.194;0.185;0.073;0.042;0.036;0.025;0.497;0.394;0.030;0.047;0.297;0.030;0.030;0.129;0.012;0.047;0.049;0.192;0.164;0.045;0.031;0.115;0.136;0.052;0.033;0.043
"2022";"B13N Toimintaylijäämä / sekatulo, netto";"Käypiin hintoihin, miljoonaa euroa";0.100;0.305;0.452;0.444;0.101;0.020;0.095;0.140;0.067;0.002;0.047;0.160;0.423;0.036;0.039;0.095;0.083;0.066;0.074;0.084;0.022;-0.014;0.075;0.062;0.212;0.079;0.125;0.086;0.104;0.158;0.116;0.067;0.069;-0.115;0.054;0.039;0.081;0.194;0.100;0.159;0.040;0.163;0.463;0.082;0.002;0.400;0.109;0.076;-0.091;0.091;0.125;0.174;-0.055;-0.005;0.000;.;0.004;0.049;0.010;0.051;0.022;-0.004;0.282;0.335
"2022";"B1GPH Bruttoarvonlisäys perushintaan";"Käypiin hintoihin, miljoonaa euroa";0.440;0.329;0.627;0.570;0.374;0.207;0.346;0.281;0.190;0.347;0.091;0.250;0.701;0.272;0.289;0.167;0.328;0.370;0.288;0.323;0.282;0.159;0.369;0.416;0.486;0.549;0.404;0.350;0.475;0.523;0.527;0.405;0.271;0.112;0.309;0.456;0.384;0.483;0.547;0.511;0.501;0.465;0.658;0.406;0.630;0.829;0.519;0.565;0.618;0.494;0.461;0.425;0.748;0.303;0.515;0.533;0.726;0.568;0.693;0.500;0.444;0.442;0.598;0.554
"2022";"P1R Tuotos perushintaan";"Käypiin hintoihin, miljoonaa euroa";1.000;1.000;1.000;1.000;1.000;1.000;1.000;1.000;1.000;1.000;1.000;1.000;1.000;1.000;1.000;1.000;1.000;1.000;1.000;1.000;1.000;1.000;1.000;1.000;1.000;1.000;1.000;1.000;1.000;1.000;1.000;1.000;1.000;1.000;1.000;1.000;1.000;1.000;1.000;1.000;1.000;1.000;1.000;1.000;1.000;1.000;1.000;1.000;1.000;1.000;1.000;1.000;1.000;1.000;1.000;1.000;1.000;1.000;1.000;1.000;1.000;1.000;1.000;1.000
"2023";"01 Kasvinviljely ja kotieläintalous, riistatalous ja niihin liittyvät palvelut";"Käypiin hintoihin, miljoonaa euroa";0.009;0.242;0.000;.;.;0.216;.;0.000;.;.;.;0.000;0.000;0.000;0.000;0.000;0.000;.;.;0.000;.;0.000;0.000;0.002;0.000;0.000;0.000;0.000;0.000;0.000;0.000;0.000;0.000;.;0.000;0.000;0.010;.;0.000;0.000;0.000;0.000;0.000;0.000;0.000;0.000;0.000;0.000;0.000;0.000;0.000;0.000;0.000;0.001;0.000;0.000;0.001;0.000;0.000;0.000;0.000;0.000;0.000;0.000
"2023";"02 Metsätalous ja puunkorjuu";"Käypiin hintoihin, miljoonaa euroa";0.010;0.001;0.178;0.000;0.004;0.000;0.000;0.258;0.138;0.000;0.000;0.000;0.000;0.000;0.000;0.000;0.000;0.000;0.000;0.000;0.000;0.000;0.000;0.000;0.012;0.000;0.000;0.000;0.000;0.000;0.001;0.000;0.000;0.000;0.000;0.000;0.000;0.000;0.000;0.000;0.000;0.000;0.000;0.000;0.000;0.000;0.000;0.000;0.000;0.000;0.000;0.000;0.000;0.000;0.000;0.000;0.000;0.000;0.000;0.000;0.000;0.000;0.000;0.000
"2023";"03 Kalastus ja vesiviljely";"Käypiin hintoihin, miljoonaa euroa";0.000;0.000;0.000;0.188;.;0.004;.;.;.;.;.;.;.;.;.;.;.;.;.;.;.;.;.;.;0.000;0.000;0.000;0.000;0.000;0.000;.;0.000;0.000;0.000;0.000;.;0.004;.;0.000;0.000;0.000;0.000;0.000;0.000;0.000;0.000;0.000;0.000;0.000;0.000;0.000;0.001;0.000;.;0.000;0.000;0.000;0.000;0.000;0.000;0.000;0.000;0.000;0.000
"2023";"B Kaivostoiminta ja louhinta (05-09)";"Käypiin hintoihin, miljoonaa euroa";0.002;0.001;0.001;0.000;0.125;0.000;0.000;0.000;0.003;0.000;0.000;0.005;0.000;0.000;0.048;0.013;0.001;0.002;0.003;0.000;0.000;0.000;0.003;0.000;0.016;0.001;0.001;0.004;0.000;0.000;0.000;0.000;0.000;0.000;0.000;0.000;0.000;0.000;0.000;0.000;0.000;0.000;0.000;0.000;0.000;0.000;0.000;0.000;0.000;0.000;0.000;0.000;0.000;0.000;0.000;0.000;0.000;0.000;0.000;0.000;0.000;0.000;0.000;0.000
"2023";"10-12 Elintarviketeollisuus ym.";"Käypiin hintoihin, miljoonaa euroa";0.012;0.127;0.002;0.101;0.003;0.155;0.001;0.002;0.006;0.001;0.000;0.012;0.004;0.001;0.002;0.001;0.001;0.002;0.001;0.002;0.001;0.002;0.002;0.003;0.001;0.001;0.001;0.003;0.003;0.002;0.002;0.001;0.010;0.001;0.018;0.002;0.119;0.001;0.002;0.009;0.011;0.002;0.007;0.005;0.006;0.000;0.021;0.010;0.007;0.037;0.028;0.058;0.003;0.000;0.014;0.003;0.004;0.002;0.003;0.005;0.007;0.016;0.003;0.002
"2023";"13-15 Tekstiiliteollisuus";"Käypiin hintoihin, miljoonaa euroa";0.001;0.000;0.000;0.000;0.001;0.000;0.027;0.000;0.001;0.002;0.000;0.000;0.002;0.003;0.003;0.000;0.000;0.000;0.001;0.001;0.001;0.001;0.001;0.000;0.001;0.000;0.002;0.002;0.000;0.001;0.000;0.000;0.001;0.000;0.000;0.001;0.000;0.000;0.000;0.001;0.000;0.000;0.000;0.000;0.000;0.000;0.001;0.002;0.000;0.001;0.002;0.002;0.000;0.000;0.001;0.001;0.000;0.000;0.000;0.000;0.000;0.000;0.002;0.000
"2023";"16 Sahatavaran sekä puu- ja korkkituotteiden valmistus (pl. huonekalut); olki- ja punontatuotteiden valmistus";"Käypiin hintoihin, miljoonaa euroa";0.008;0.000;0.000;0.000;0.004;0.001;0.002;0.087;0.028;0.001;0.000;0.001;0.001;0.003;0.005;0.006;0.003;0.001;0.002;0.001;0.003;0.005;0.030;0.001;0.043;0.000;0.012;0.049;0.001;0.003;0.004;0.000;0.001;0.000;0.001;0.001;0.001;0.001;0.001;0.001;0.001;0.001;0.001;0.000;0.002;0.000;0.002;0.001;0.001;0.002;0.007;0.003;0.000;0.000;0.002;0.001;0.001;0.000;0.001;0.001;0.001;0.001;0.008;0.003
"2023";"17 Paperin, paperi- ja kartonkituotteiden valmistus";"Käypiin hintoihin, miljoonaa euroa";0.008;0.001;0.001;0.001;0.004;0.019;0.007;0.009;0.129;0.066;0.002;0.011;0.010;0.011;0.008;0.005;0.003;0.004;0.006;0.004;0.005;0.004;0.009;0.003;0.004;0.002;0.007;0.004;0.007;0.010;0.005;0.001;0.004;0.002;0.003;0.003;0.004;0.008;0.007;0.003;0.004;0.002;0.002;0.002;0.002;0.000;0.007;0.004;0.003;0.007;0.010;0.012;0.002;0.001;0.007;0.003;0.002;0.002;0.002;0.004;0.003;0.003;0.008;0.003
"2023";"18 Painaminen ja tallenteiden jäljentäminen";"Käypiin hintoihin, miljoonaa euroa";0.002;0.000;0.000;0.000;0.000;0.002;0.001;0.000;0.000;0.093;0.000;0.000;0.001;0.001;0.000;0.000;0.000;0.001;0.001;0.000;0.000;0.000;0.001;0.000;0.001;0.000;0.002;0.000;0.004;0.002;0.001;0.000;0.001;0.001;0.002;0.002;0.002;0.024;0.009;0.017;0.005;0.000;0.000;0.001;0.000;0.000;0.004;0.001;0.003;0.003;0.001;0.001;0.001;0.005;0.001;0.001;0.001;0.000;0.000;0.003;0.010;0.001;0.002;0.000
"2023";"19 Koksin ja jalostettujen öljytuotteiden valmistus";"Käypiin hintoihin, miljoonaa euroa";0.007;0.014;0.019;0.023;0.036;0.002;0.003;0.002;0.003;0.002;0.035;0.014;0.001;0.001;0.004;0.002;0.001;0.001;0.000;0.001;0.000;0.001;0.000;0.001;0.003;0.001;0.001;0.005;0.007;0.002;0.001;0.094;0.050;0.089;0.008;0.010;0.000;0.001;0.000;0.001;0.001;0.003;0.001;0.002;0.001;0.000;0.000;0.002;0.001;0.000;0.004;0.003;0.001;0.006;0.004;0.003;0.001;0.000;0.001;0.002;0.005;0.005;0.001;0.007
"2023";"20 Kemikaalien ja kemiallisten tuotteiden valmistus";"Käypiin hintoihin, miljoonaa euroa";0.007;0.021;0.007;0.000;0.007;0.003;0.006;0.011;0.033;0.005;0.065;0.079;0.019;0.049;0.011;0.009;0.006;0.001;0.002;0.001;0.003;0.002;0.006;0.001;0.002;0.002;0.021;0.004;0.001;0.001;0.001;0.000;0.000;0.000;0.001;0.001;0.001;0.001;0.001;0.000;0.001;0.000;0.000;0.000;0.000;0.000;0.001;0.001;0.000;0.001;0.001;0.010;0.000;0.000;0.002;0.001;0.000;0.001;0.001;0.001;0.001;0.001;0.002;0.005
"2023";"21 Lääkeaineiden ja lääkkeiden valmistus";"Käypiin hintoihin, miljoonaa euroa";0.001;0.000;0.000;0.000;0.000;0.000;0.001;0.001;0.001;0.000;0.000;0.000;0.005;0.000;0.000;0.000;0.000;0.000;0.000;0.000;0.001;0.001;0.001;0.000;0.000;0.000;0.000;0.000;0.000;0.000;0.000;0.000;0.000;0.000;0.000;0.000;0.000;0.000;0.001;0.000;0.000;0.000;0.000;0.000;0.000;0.000;0.000;0.000;0.000;0.000;0.003;0.001;0.000;0.000;0.000;0.001;0.000;0.004;0.000;0.000;0.000;0.000;0.000;0.000
"2023";"22 Kumi- ja muovituotteiden valmistus";"Käypiin hintoihin, miljoonaa euroa";0.003;0.000;0.000;0.000;0.003;0.011;0.009;0.005;0.002;0.008;0.000;0.002;0.012;0.033;0.004;0.001;0.003;0.002;0.004;0.003;0.006;0.002;0.010;0.001;0.001;0.000;0.001;0.013;0.002;0.002;0.000;0.001;0.001;0.000;0.003;0.001;0.001;0.000;0.000;0.000;0.000;0.000;0.000;0.000;0.000;0.000;0.000;0.001;0.000;0.000;0.002;0.010;0.000;0.000;0.000;0.001;0.000;0.005;0.001;0.000;0.001;0.000;0.004;0.006
"2023";"23 Muiden ei-metallisten mineraalituotteiden valmistus";"Käypiin hintoihin, miljoonaa euroa";0.005;0.000;0.000;0.000;0.007;0.001;0.003;0.007;0.001;0.004;0.000;0.001;0.001;0.002;0.095;0.004;0.004;0.001;0.001;0.002;0.004;0.005;0.003;0.001;0.001;0.002;0.002;0.040;0.003;0.001;0.001;0.000;0.001;0.000;0.000;0.002;0.000;0.000;0.000;0.001;0.001;0.000;0.000;0.000;0.000;0.000;0.001;0.003;0.001;0.001;0.008;0.003;0.001;0.000;0.001;0.001;0.001;0.000;0.001;0.001;0.001;0.000;0.001;0.003
"2023";"24 Metallien jalostus";"Käypiin hintoihin, miljoonaa euroa";0.008;0.000;0.000;0.000;0.003;0.001;0.009;0.002;0.003;0.003;0.000;0.004;0.001;0.006;0.016;0.109;0.122;0.003;0.026;0.020;0.026;0.055;0.016;0.009;0.001;0.000;0.003;0.002;0.001;0.001;0.001;0.000;0.001;0.001;0.001;0.001;0.001;0.001;0.000;0.001;0.001;0.000;0.000;0.000;0.000;0.000;0.001;0.002;0.000;0.001;0.004;0.002;0.001;0.000;0.001;0.000;0.000;0.000;0.000;0.000;0.000;0.000;0.001;0.000
"2023";"25 Metallituotteiden valmistus (pl. koneet ja laitteet)";"Käypiin hintoihin, miljoonaa euroa";0.013;0.000;0.000;0.002;0.006;0.006;0.002;0.009;0.002;0.002;0.001;0.001;0.001;0.006;0.008;0.061;0.119;0.004;0.023;0.077;0.014;0.074;0.019;0.022;0.007;0.006;0.005;0.040;0.001;0.002;0.001;0.002;0.005;0.001;0.003;0.003;0.001;0.001;0.001;0.002;0.002;0.000;0.001;0.001;0.000;0.000;0.002;0.005;0.001;0.003;0.012;0.008;0.002;0.000;0.002;0.004;0.001;0.000;0.000;0.001;0.002;0.001;0.003;0.002
"2023";"26 Tietokoneiden sekä elektronisten ja optisten tuotteiden valmistus";"Käypiin hintoihin, miljoonaa euroa";0.005;0.000;0.000;0.000;0.002;0.003;0.002;0.002;0.002;0.009;0.001;0.002;0.003;0.003;0.004;0.002;0.004;0.027;0.008;0.008;0.005;0.008;0.004;0.008;0.003;0.001;0.002;0.002;0.004;0.006;0.005;0.003;0.002;0.003;0.006;0.006;0.002;0.008;0.013;0.017;0.020;0.003;0.002;0.003;0.001;0.000;0.006;0.018;0.006;0.014;0.014;0.007;0.004;0.005;0.006;0.008;0.004;0.009;0.004;0.005;0.005;0.001;0.006;0.003
"2023";"27 Sähkölaitteiden valmistus";"Käypiin hintoihin, miljoonaa euroa";0.005;0.000;0.000;0.000;0.002;0.001;0.001;0.001;0.001;0.002;0.001;0.001;0.001;0.002;0.003;0.001;0.003;0.009;0.098;0.013;0.008;0.015;0.005;0.025;0.025;0.003;0.003;0.009;0.002;0.002;0.002;0.000;0.001;0.001;0.001;0.002;0.001;0.001;0.001;0.008;0.002;0.001;0.001;0.001;0.000;0.000;0.002;0.003;0.001;0.002;0.007;0.004;0.001;0.000;0.002;0.002;0.000;0.002;0.001;0.001;0.001;0.001;0.001;0.001
"2023";"28 Muiden koneiden ja laitteiden valmistus";"Käypiin hintoihin, miljoonaa euroa";0.009;0.010;0.003;0.018;0.034;0.006;0.009;0.012;0.008;0.007;0.004;0.003;0.005;0.006;0.007;0.008;0.012;0.009;0.015;0.048;0.022;0.021;0.009;0.032;0.022;0.043;0.018;0.013;0.003;0.007;0.006;0.002;0.048;0.003;0.004;0.010;0.005;0.007;0.006;0.007;0.005;0.002;0.002;0.002;0.001;0.000;0.004;0.016;0.003;0.005;0.031;0.016;0.006;0.001;0.004;0.004;0.001;0.002;0.001;0.005;0.003;0.003;0.006;0.005
"2023";"29 Moottoriajoneuvojen, perävaunujen ja puoliperävaunujen valmistus";"Käypiin hintoihin, miljoonaa euroa";0.001;0.000;0.000;0.000;0.000;0.000;0.000;0.000;0.000;0.000;0.000;0.000;0.000;0.000;0.000;0.000;0.000;0.000;0.001;0.017;0.016;0.001;0.000;0.001;0.000;0.000;0.000;0.000;0.001;0.000;0.000;0.000;0.000;0.000;0.001;0.000;0.000;0.000;0.000;0.000;0.000;0.000;0.000;0.000;0.000;0.000;0.000;0.000;0.000;0.000;0.000;0.000;0.000;0.000;0.000;0.000;0.000;0.000;0.000;0.000;0.000;0.000;0.000;0.000
"2023";"30 Muiden kulkuneuvojen valmistus";"Käypiin hintoihin, miljoonaa euroa";0.001;0.000;0.000;0.002;0.000;0.000;0.000;0.000;0.000;0.000;0.000;0.000;0.000;0.000;0.000;0.000;0.007;0.000;0.000;0.001;0.002;0.077;0.001;0.003;0.000;0.000;0.000;0.001;0.000;0.000;0.001;0.000;0.008;0.000;0.000;0.000;0.000;0.000;0.000;0.000;0.000;0.000;0.000;0.000;0.000;0.000;0.000;0.000;0.000;0.000;0.000;0.000;0.000;0.000;0.000;0.000;0.000;0.000;0.000;0.000;0.000;0.000;0.000;0.000
"2023";"31, 32 Muu valmistus ml. huonekalut";"Käypiin hintoihin, miljoonaa euroa";0.002;0.000;0.000;0.000;0.000;0.000;0.001;0.001;0.000;0.000;0.000;0.000;0.001;0.000;0.000;0.000;0.001;0.000;0.000;0.001;0.001;0.010;0.031;0.000;0.000;0.001;0.002;0.006;0.001;0.000;0.000;0.000;0.000;0.000;0.001;0.000;0.001;0.000;0.001;0.000;0.001;0.001;0.001;0.001;0.000;0.000;0.005;0.002;0.002;0.009;0.006;0.010;0.001;0.000;0.004;0.002;0.001;0.006;0.001;0.002;0.003;0.000;0.002;0.001
"2023";"33 Koneiden ja laitteiden korjaus, huolto ja asennus";"Käypiin hintoihin, miljoonaa euroa";0.005;0.006;0.002;0.000;0.003;0.003;0.000;0.012;0.014;0.002;0.008;0.001;0.001;0.005;0.003;0.002;0.003;0.003;0.003;0.009;0.003;0.027;0.004;0.061;0.015;0.087;0.023;0.003;0.000;0.002;0.002;0.007;0.001;0.025;0.003;0.006;0.002;0.001;0.000;0.005;0.001;0.000;0.000;0.000;0.000;0.000;0.000;0.003;0.001;0.000;0.007;0.003;0.001;0.000;0.009;0.005;0.000;0.001;0.001;0.001;0.001;0.000;0.000;0.003
"2023";"35 Sähkö-, kaasu- ja lämpöhuolto, jäähdytysliiketoiminta";"Käypiin hintoihin, miljoonaa euroa";0.015;0.018;0.004;0.015;0.068;0.015;0.039;0.026;0.033;0.013;0.005;0.018;0.006;0.024;0.028;0.024;0.012;0.007;0.005;0.005;0.009;0.014;0.008;0.014;0.045;0.018;0.018;0.006;0.011;0.009;0.022;0.005;0.007;0.003;0.009;0.005;0.016;0.006;0.003;0.020;0.005;0.009;0.007;0.011;0.050;0.012;0.004;0.005;0.006;0.002;0.005;0.002;0.001;0.003;0.003;0.018;0.022;0.005;0.018;0.024;0.047;0.057;0.005;0.014
"2023";"36 Veden otto, puhdistus ja jakelu";"Käypiin hintoihin, miljoonaa euroa";0.001;0.000;0.000;0.000;0.003;0.002;0.002;0.000;0.000;0.002;0.000;0.000;0.001;0.001;0.001;0.000;0.001;0.001;0.000;0.001;0.000;0.001;0.000;0.001;0.001;0.000;0.001;0.001;0.001;0.001;0.001;0.000;0.001;0.000;0.000;0.001;0.002;0.000;0.000;0.000;0.001;0.001;0.001;0.001;0.003;0.001;0.000;0.002;0.000;0.000;0.000;0.000;0.000;0.000;0.000;0.001;0.001;0.000;0.000;0.001;0.001;0.000;0.000;0.002
"2023";"37-39 Jäte- ja jätevesihuolto";"Käypiin hintoihin, miljoonaa euroa";0.006;0.000;0.000;0.000;0.011;0.004;0.003;0.001;0.003;0.003;0.001;0.001;0.001;0.002;0.003;0.009;0.004;0.002;0.001;0.003;0.001;0.011;0.001;0.002;0.019;0.002;0.191;0.005;0.001;0.003;0.008;0.000;0.003;0.001;0.001;0.002;0.006;0.000;0.001;0.000;0.001;0.001;0.001;0.002;0.016;0.007;0.000;0.009;0.001;0.000;0.000;0.001;0.000;0.000;0.008;0.004;0.004;0.004;0.004;0.003;0.006;0.004;0.001;0.004
"2023";"F Rakentaminen (41-43)";"Käypiin hintoihin, miljoonaa euroa";0.019;0.019;0.000;0.000;0.020;0.002;0.002;0.001;0.001;0.002;0.002;0.001;0.001;0.003;0.003;0.002;0.001;0.002;0.001;0.001;0.000;0.000;0.004;0.003;0.038;0.122;0.062;0.104;0.002;0.006;0.006;0.010;0.007;0.017;0.004;0.004;0.002;0.001;0.000;0.003;0.001;0.003;0.001;0.002;0.058;0.051;0.001;0.000;0.005;0.001;0.000;0.002;0.000;0.000;0.014;0.039;0.015;0.003;0.005;0.012;0.035;0.000;0.000;0.003
"2023";"45 Moottoriajoneuvojen ja moottoripyörien tukku- ja vähittäiskauppa sekä korjaus";"Käypiin hintoihin, miljoonaa euroa";0.007;0.008;0.012;0.000;0.000;0.000;0.000;0.003;0.000;0.001;0.000;0.000;0.000;0.006;0.001;0.000;0.001;0.001;0.002;0.004;0.000;0.004;0.002;0.005;0.000;0.000;0.004;0.001;0.125;0.005;0.002;0.131;0.001;0.001;0.004;0.002;0.001;0.001;0.000;0.000;0.000;0.000;0.000;0.000;0.000;0.000;0.001;0.000;0.001;0.000;0.001;0.030;0.000;0.000;0.001;0.004;0.001;0.000;0.002;0.004;0.007;0.017;0.000;0.000
"2023";"46 Tukkukauppa (pl. moottoriajoneuvojen ja moottoripyörien kauppa)";"Käypiin hintoihin, miljoonaa euroa";0.019;0.021;0.010;0.012;0.021;0.022;0.033;0.083;0.047;0.037;0.002;0.008;0.022;0.014;0.028;0.037;0.012;0.008;0.032;0.029;0.051;0.040;0.041;0.030;0.031;0.018;0.024;0.038;0.014;0.009;0.009;0.015;0.019;0.025;0.015;0.006;0.032;0.020;0.039;0.012;0.015;0.006;0.007;0.008;0.003;0.000;0.020;0.021;0.010;0.035;0.025;0.034;0.004;0.003;0.019;0.010;0.005;0.015;0.006;0.031;0.023;0.011;0.038;0.021
"2023";"47 Vähittäiskauppa (pl. moottoriajoneuvojen ja moottoripyörien kauppa)";"Käypiin hintoihin, miljoonaa euroa";0.003;0.003;0.004;0.004;0.005;0.002;0.002;0.001;0.002;0.002;0.001;0.001;0.001;0.002;0.001;0.001;0.001;0.003;0.001;0.001;0.001;0.001;0.002;0.001;0.001;0.001;0.000;0.007;0.003;0.004;0.006;0.009;0.003;0.003;0.003;0.003;0.004;0.002;0.001;0.002;0.002;0.002;0.002;0.001;0.001;0.000;0.004;0.002;0.005;0.002;0.001;0.001;0.001;0.002;0.002;0.003;0.002;0.001;0.002;0.002;0.002;0.002;0.007;0.002
"2023";"49 Maaliikenne ja putkijohtokuljetus";"Käypiin hintoihin, miljoonaa euroa";0.015;0.001;0.002;0.002;0.024;0.032;0.020;0.038;0.050;0.029;0.013;0.015;0.006;0.019;0.027;0.013;0.010;0.006;0.011;0.014;0.020;0.007;0.017;0.004;0.002;0.003;0.001;0.009;0.005;0.046;0.021;0.099;0.007;0.002;0.036;0.227;0.005;0.011;0.001;0.002;0.002;0.004;0.007;0.008;0.001;0.000;0.004;0.003;0.007;0.001;0.003;0.004;0.001;0.001;0.002;0.009;0.017;0.005;0.014;0.006;0.007;0.017;0.006;0.079
"2023";"50 Vesiliikenne";"Käypiin hintoihin, miljoonaa euroa";0.001;0.000;0.000;0.000;0.000;0.000;0.000;0.000;0.000;0.000;0.004;0.000;0.000;0.001;0.002;0.001;0.001;0.000;0.000;0.000;0.000;0.000;0.001;0.000;0.000;0.000;0.001;0.001;0.007;0.004;0.006;0.003;0.004;0.003;0.004;0.001;0.006;0.002;0.000;0.000;0.001;0.001;0.000;0.001;0.000;0.000;0.002;0.000;0.003;0.001;0.000;0.001;0.001;0.017;0.002;0.002;0.001;0.001;0.001;0.001;0.002;0.002;0.000;0.000
"2023";"51 Ilmaliikenne";"Käypiin hintoihin, miljoonaa euroa";0.001;0.000;0.001;0.003;0.000;0.000;0.000;0.000;0.000;0.000;0.000;0.000;0.000;0.000;0.000;0.000;0.000;0.001;0.000;0.000;0.000;0.000;0.000;0.000;0.000;0.000;0.000;0.000;0.002;0.002;0.002;0.001;0.001;0.036;0.004;0.007;0.004;0.001;0.000;0.002;0.002;0.001;0.001;0.003;0.000;0.000;0.001;0.000;0.002;0.000;0.001;0.000;0.000;0.008;0.001;0.001;0.001;0.000;0.001;0.001;0.003;0.005;0.000;0.000
"2023";"52 Varastointi ja liikennettä palveleva toiminta";"Käypiin hintoihin, miljoonaa euroa";0.013;0.000;0.000;0.000;0.025;0.022;0.019;0.039;0.048;0.027;0.006;0.013;0.006;0.020;0.029;0.013;0.013;0.009;0.012;0.017;0.019;0.007;0.020;0.003;0.001;0.001;0.041;0.001;0.009;0.041;0.013;0.013;0.016;0.044;0.261;0.085;0.001;0.008;0.002;0.001;0.001;0.001;0.001;0.001;0.001;0.000;0.001;0.001;0.001;0.001;0.001;0.001;0.001;0.000;0.001;0.001;0.001;0.001;0.001;0.001;0.001;0.002;0.001;0.010
"2023";"53 Posti- ja kuriiritoiminta";"Käypiin hintoihin, miljoonaa euroa";0.003;0.001;0.002;0.002;0.005;0.005;0.011;0.005;0.006;0.008;0.001;0.004;0.001;0.009;0.009;0.001;0.006;0.004;0.010;0.008;0.007;0.002;0.010;0.004;0.002;0.002;0.000;0.001;0.001;0.008;0.002;0.001;0.008;0.003;0.004;0.013;0.002;0.000;0.001;0.000;0.001;0.002;0.007;0.003;0.001;0.000;0.002;0.000;0.001;0.000;0.000;0.000;0.001;0.001;0.000;0.005;0.001;0.001;0.001;0.003;0.004;0.012;0.000;0.000
"2023";"I Majoitus- ja ravitsemistoiminta (55-56)";"Käypiin hintoihin, miljoonaa euroa";0.006;0.001;0.003;0.002;0.000;0.002;0.001;0.001;0.001;0.005;0.000;0.001;0.003;0.004;0.004;0.000;0.002;0.001;0.003;0.002;0.001;0.000;0.003;0.002;0.000;0.000;0.000;0.002;0.003;0.012;0.004;0.006;0.012;0.041;0.005;0.006;0.037;0.001;0.004;0.001;0.003;0.013;0.007;0.014;0.002;0.000;0.005;0.002;0.007;0.003;0.003;0.002;0.002;0.006;0.002;0.016;0.018;0.009;0.025;0.006;0.006;0.019;0.002;0.002
"2023";"58 Kustannustoiminta";"Käypiin hintoihin, miljoonaa euroa";0.005;0.000;0.000;0.000;0.000;0.002;0.002;0.001;0.003;0.008;0.001;0.001;0.003;0.002;0.002;0.001;0.001;0.003;0.002;0.002;0.001;0.001;0.003;0.002;0.001;0.001;0.001;0.001;0.002;0.005;0.006;0.000;0.002;0.003;0.003;0.002;0.003;0.087;0.007;0.005;0.026;0.007;0.010;0.017;0.001;0.000;0.002;0.001;0.005;0.004;0.002;0.002;0.001;0.003;0.002;0.009;0.009;0.002;0.004;0.039;0.012;0.019;0.002;0.001
"2023";"59, 60 Audiovisuaalinen toiminta";"Käypiin hintoihin, miljoonaa euroa";0.002;0.000;0.000;0.000;0.000;0.001;0.002;0.001;0.001;0.001;0.000;0.000;0.003;0.001;0.001;0.000;0.001;0.001;0.001;0.000;0.000;0.000;0.002;0.000;0.001;0.000;0.000;0.000;0.001;0.002;0.004;0.000;0.001;0.002;0.000;0.000;0.002;0.005;0.086;0.002;0.002;0.000;0.000;0.000;0.000;0.000;0.001;0.001;0.000;0.028;0.001;0.001;0.000;0.002;0.001;0.000;0.000;0.000;0.000;0.052;0.023;0.000;0.002;0.000
"2023";"61 Televiestintä";"Käypiin hintoihin, miljoonaa euroa";0.005;0.000;0.001;0.001;0.002;0.004;0.004;0.002;0.002;0.005;0.001;0.004;0.001;0.007;0.005;0.000;0.004;0.002;0.006;0.005;0.003;0.011;0.006;0.003;0.004;0.000;0.000;0.001;0.001;0.003;0.003;0.001;0.007;0.005;0.002;0.001;0.010;0.001;0.007;0.107;0.005;0.005;0.011;0.018;0.003;0.001;0.005;0.000;0.001;0.000;0.002;0.003;0.002;0.001;0.003;0.006;0.004;0.007;0.007;0.013;0.011;0.024;0.000;0.000
"2023";"62, 63 Tietojenkäsittelypalvelu";"Käypiin hintoihin, miljoonaa euroa";0.013;0.000;0.001;0.001;0.002;0.006;0.004;0.006;0.007;0.008;0.002;0.003;0.006;0.006;0.008;0.004;0.004;0.025;0.006;0.011;0.005;0.011;0.005;0.011;0.007;0.002;0.004;0.002;0.009;0.012;0.010;0.007;0.003;0.008;0.012;0.010;0.004;0.038;0.024;0.034;0.099;0.013;0.012;0.023;0.003;0.000;0.011;0.014;0.025;0.029;0.021;0.012;0.012;0.011;0.013;0.032;0.018;0.018;0.011;0.023;0.012;0.008;0.013;0.006
"2023";"64 Rahoituspalvelut (pl. vakuutus- ja eläkevakuutustoiminta)";"Käypiin hintoihin, miljoonaa euroa";0.012;0.018;0.014;0.004;0.007;0.005;0.013;0.003;0.006;0.008;0.003;0.003;0.003;0.013;0.010;0.001;0.008;0.011;0.009;0.008;0.006;0.016;0.010;0.007;0.023;0.024;0.004;0.004;0.005;0.007;0.017;0.005;0.009;0.006;0.007;0.014;0.010;0.004;0.003;0.005;0.006;0.070;0.056;0.190;0.047;0.029;0.021;0.004;0.005;0.004;0.006;0.004;0.002;0.005;0.004;0.008;0.003;0.003;0.004;0.007;0.008;0.019;0.000;0.002
"2023";"65 Vakuutus-, jälleenvakuutus- ja eläkevakuutustoiminta (pl. pakollinen sosiaalivakuutus)";"Käypiin hintoihin, miljoonaa euroa";0.002;0.003;0.001;0.001;0.003;0.002;0.007;0.002;0.002;0.003;0.001;0.003;0.001;0.008;0.005;0.000;0.004;0.002;0.007;0.005;0.004;0.001;0.006;0.004;0.001;0.001;0.000;0.000;0.003;0.002;0.001;0.002;0.006;0.003;0.000;0.001;0.000;0.000;0.000;0.000;0.000;0.002;0.002;0.005;0.007;0.006;0.001;0.000;0.000;0.000;0.001;0.008;0.000;0.000;0.000;0.002;0.002;0.003;0.004;0.002;0.003;0.004;0.000;0.000
"2023";"66 Rahoitusta ja vakuuttamista palveleva toiminta";"Käypiin hintoihin, miljoonaa euroa";0.005;0.001;0.001;0.001;0.002;0.002;0.006;0.001;0.002;0.002;0.000;0.003;0.000;0.005;0.004;0.000;0.003;0.002;0.005;0.003;0.003;0.001;0.006;0.002;0.001;0.001;0.000;0.000;0.001;0.002;0.002;0.000;0.004;0.006;0.001;0.002;0.001;0.000;0.001;0.000;0.001;0.129;0.040;0.059;0.001;0.000;0.002;0.000;0.000;0.000;0.000;0.001;0.000;0.001;0.000;0.001;0.000;0.000;0.001;0.002;0.002;0.007;0.000;0.000
"2023";"68 pl. 68202 Kiinteistöalan toiminta pl. asuntojen ja asuinkiinteistöjen hallinta";"Käypiin hintoihin, miljoonaa euroa";0.013;0.000;0.001;0.001;0.009;0.006;0.010;0.002;0.001;0.020;0.000;0.002;0.001;0.011;0.004;0.001;0.006;0.002;0.002;0.003;0.005;0.011;0.013;0.016;0.004;0.010;0.005;0.003;0.030;0.029;0.050;0.009;0.020;0.024;0.029;0.023;0.046;0.007;0.013;0.026;0.014;0.004;0.010;0.004;0.020;0.001;0.012;0.017;0.028;0.008;0.009;0.010;0.019;0.003;0.014;0.015;0.020;0.022;0.030;0.026;0.016;0.012;0.014;0.022
"2023";"68202 Asuntojen ja asuinkiinteistöjen hallinta";"Käypiin hintoihin, miljoonaa euroa";0.000;0.000;0.000;0.000;0.000;0.000;0.000;0.000;0.000;0.000;0.000;0.000;0.000;0.000;0.000;0.000;0.000;0.000;0.000;0.000;0.000;0.000;0.000;0.000;0.000;0.000;0.000;0.000;0.000;0.000;0.001;0.000;0.000;0.000;0.000;0.000;0.001;0.000;0.000;0.000;0.000;0.000;0.000;0.000;0.000;0.000;0.000;0.000;0.000;0.000;0.000;0.000;0.000;0.000;0.000;0.000;0.000;0.000;0.000;0.000;0.000;0.000;0.000;0.000
"2023";"69, 70 Liikkeenjohdon palvelut";"Käypiin hintoihin, miljoonaa euroa";0.014;0.001;0.002;0.002;0.004;0.016;0.019;0.005;0.009;0.011;0.003;0.008;0.014;0.017;0.011;0.005;0.008;0.022;0.017;0.009;0.006;0.005;0.020;0.005;0.006;0.003;0.001;0.010;0.017;0.023;0.037;0.002;0.018;0.016;0.009;0.013;0.012;0.023;0.006;0.009;0.015;0.008;0.011;0.011;0.021;0.003;0.162;0.009;0.006;0.114;0.009;0.009;0.010;0.008;0.008;0.013;0.004;0.005;0.006;0.010;0.013;0.014;0.008;0.003
"2023";"71 Arkkitehti- ja insinööripalvelut; tekninen testaus ja analysointi";"Käypiin hintoihin, miljoonaa euroa";0.011;0.001;0.000;0.000;0.021;0.001;0.001;0.019;0.001;0.001;0.000;0.003;0.002;0.002;0.003;0.001;0.011;0.014;0.003;0.018;0.003;0.063;0.001;0.017;0.003;0.008;0.003;0.070;0.002;0.002;0.002;0.001;0.005;0.002;0.002;0.005;0.002;0.000;0.000;0.001;0.003;0.000;0.000;0.000;0.000;0.000;0.000;0.130;0.013;0.001;0.001;0.002;0.001;0.000;0.001;0.015;0.003;0.001;0.001;0.002;0.001;0.000;0.000;0.000
"2023";"72 Tieteellinen tutkimus ja kehittäminen";"Käypiin hintoihin, miljoonaa euroa";0.001;0.000;0.000;0.000;0.000;0.000;0.000;0.000;0.001;0.000;0.000;0.000;0.004;0.000;0.000;0.000;0.000;0.033;0.002;0.000;0.000;0.000;0.000;0.000;0.000;0.000;0.000;0.000;0.000;0.000;0.001;0.000;0.000;0.000;0.000;0.000;0.000;0.000;0.000;0.000;0.003;0.000;0.000;0.000;0.000;0.000;0.000;0.000;0.003;0.000;0.001;0.000;0.000;0.000;0.000;0.000;0.000;0.000;0.000;0.000;0.000;0.001;0.001;0.000
"2023";"73 Mainostoiminta ja markkinatutkimus";"Käypiin hintoihin, miljoonaa euroa";0.002;0.000;0.000;0.000;0.000;0.004;0.004;0.003;0.002;0.001;0.001;0.001;0.008;0.002;0.002;0.000;0.002;0.004;0.001;0.001;0.001;0.001;0.006;0.001;0.002;0.000;0.001;0.000;0.004;0.006;0.011;0.000;0.002;0.006;0.000;0.000;0.003;0.015;0.003;0.004;0.005;0.001;0.000;0.000;0.001;0.000;0.002;0.003;0.001;0.007;0.002;0.002;0.001;0.005;0.002;0.001;0.000;0.001;0.000;0.002;0.004;0.001;0.005;0.001
"2023";"74, 75 Muut liike-elämän palvelut ja eläinlääkintä";"Käypiin hintoihin, miljoonaa euroa";0.003;0.008;0.002;0.000;0.000;0.000;0.001;0.000;0.000;0.002;0.000;0.000;0.000;0.000;0.001;0.000;0.000;0.002;0.000;0.001;0.000;0.000;0.000;0.000;0.000;0.000;0.000;0.001;0.002;0.007;0.001;0.001;0.001;0.002;0.001;0.002;0.001;0.001;0.007;0.011;0.003;0.002;0.002;0.005;0.001;0.000;0.001;0.000;0.004;0.014;0.102;0.032;0.014;0.000;0.018;0.010;0.003;0.004;0.004;0.006;0.006;0.007;0.000;0.000
"2023";"77 Vuokraus- ja leasingtoiminta";"Käypiin hintoihin, miljoonaa euroa";0.005;0.004;0.000;0.000;0.002;0.003;0.003;0.003;0.001;0.008;0.000;0.002;0.001;0.004;0.003;0.000;0.001;0.001;0.002;0.002;0.002;0.002;0.005;0.006;0.002;0.002;0.002;0.018;0.007;0.007;0.011;0.004;0.005;0.006;0.009;0.008;0.010;0.003;0.004;0.007;0.006;0.001;0.002;0.000;0.003;0.000;0.004;0.005;0.004;0.003;0.004;0.003;0.004;0.001;0.005;0.008;0.004;0.007;0.007;0.008;0.005;0.001;0.003;0.024
"2023";"78 Työllistämistoiminta";"Käypiin hintoihin, miljoonaa euroa";0.007;0.000;0.000;0.000;0.000;0.005;0.016;0.007;0.001;0.010;0.000;0.001;0.009;0.007;0.011;0.002;0.014;0.002;0.006;0.010;0.016;0.005;0.006;0.010;0.002;0.001;0.002;0.010;0.010;0.008;0.025;0.004;0.008;0.008;0.010;0.027;0.029;0.002;0.002;0.009;0.007;0.000;0.001;0.001;0.000;0.000;0.000;0.003;0.001;0.001;0.013;0.021;0.056;0.002;0.007;0.002;0.001;0.015;0.016;0.001;0.002;0.001;0.021;0.022
"2023";"79 Matkatoimistojen ja matkanjärjestäjien toiminta; varauspalvelut";"Käypiin hintoihin, miljoonaa euroa";0.001;0.000;0.001;0.000;0.000;0.000;0.000;0.000;0.000;0.000;0.000;0.000;0.000;0.000;0.000;0.000;0.000;0.000;0.000;0.000;0.000;0.000;0.000;0.000;0.000;0.000;0.000;0.000;0.003;0.001;0.001;0.003;0.001;0.002;0.002;0.004;0.004;0.001;0.000;0.000;0.002;0.003;0.001;0.001;0.000;0.000;0.003;0.000;0.001;0.000;0.000;0.000;0.000;0.314;0.001;0.001;0.000;0.000;0.001;0.001;0.001;0.002;0.000;0.000
"2023";"80-82 Muut tukipalvelut";"Käypiin hintoihin, miljoonaa euroa";0.014;0.001;0.002;0.002;0.004;0.006;0.010;0.003;0.002;0.009;0.002;0.004;0.003;0.010;0.014;0.001;0.005;0.005;0.008;0.005;0.006;0.012;0.011;0.006;0.003;0.007;0.002;0.010;0.012;0.028;0.022;0.006;0.019;0.019;0.013;0.007;0.016;0.008;0.006;0.016;0.006;0.005;0.009;0.009;0.047;0.019;0.005;0.004;0.008;0.003;0.083;0.095;0.057;0.003;0.159;0.015;0.010;0.013;0.014;0.013;0.016;0.013;0.005;0.006
"2023";"84 Julkinen hallinto ja maanpuolustus; pakollinen sosiaalivakuutus";"Käypiin hintoihin, miljoonaa euroa";0.008;0.002;0.005;0.002;0.007;0.008;0.019;0.006;0.007;0.020;0.001;0.005;0.002;0.021;0.018;0.001;0.012;0.007;0.014;0.010;0.008;0.004;0.018;0.010;0.004;0.004;0.005;0.003;0.006;0.009;0.012;0.010;0.014;0.013;0.007;0.008;0.010;0.002;0.004;0.005;0.006;0.006;0.010;0.008;0.008;0.002;0.007;0.004;0.013;0.002;0.002;0.002;0.004;0.001;0.004;0.027;0.006;0.007;0.010;0.010;0.010;0.022;0.003;0.005
"2023";"85 Koulutus";"Käypiin hintoihin, miljoonaa euroa";0.003;0.000;0.000;0.000;0.000;0.000;0.001;0.000;0.000;0.000;0.000;0.001;0.003;0.001;0.004;0.000;0.001;0.014;0.004;0.001;0.001;0.000;0.001;0.000;0.000;0.000;0.000;0.000;0.003;0.002;0.003;0.002;0.001;0.000;0.001;0.004;0.001;0.000;0.001;0.000;0.001;0.001;0.002;0.002;0.000;0.000;0.001;0.000;0.064;0.000;0.001;0.000;0.000;0.000;0.000;0.005;0.032;0.006;0.004;0.008;0.013;0.028;0.000;0.000
"2023";"86 Terveyspalvelut";"Käypiin hintoihin, miljoonaa euroa";0.007;0.000;0.000;0.000;0.000;0.000;0.000;0.000;0.000;0.000;0.000;0.000;0.000;0.000;0.000;0.000;0.000;0.000;0.000;0.000;0.000;0.000;0.000;0.000;0.000;0.000;0.000;0.000;0.000;0.001;0.001;0.000;0.001;0.001;0.001;0.002;0.001;0.000;0.000;0.000;0.001;0.002;0.001;0.002;0.000;0.000;0.000;0.000;0.003;0.000;0.001;0.000;0.001;0.000;0.000;0.004;0.005;0.135;0.013;0.002;0.001;0.001;0.000;0.000
"2023";"87, 88  Sosiaalipalvelut";"Käypiin hintoihin, miljoonaa euroa";0.001;0.000;0.000;0.000;0.000;0.000;0.000;0.000;0.000;0.001;0.000;0.000;0.000;0.000;0.000;0.000;0.000;0.000;0.000;0.000;0.000;0.000;0.000;0.000;0.000;0.000;0.000;0.000;0.001;0.001;0.002;0.000;0.001;0.001;0.001;0.001;0.001;0.000;0.000;0.001;0.000;0.000;0.000;0.000;0.001;0.000;0.000;0.001;0.001;0.000;0.000;0.000;0.001;0.000;0.001;0.002;0.001;0.002;0.010;0.001;0.001;0.000;0.000;0.001
"2023";"90-92 Kulttuuritoiminta ja rahapelit";"Käypiin hintoihin, miljoonaa euroa";0.001;0.000;0.000;0.000;0.000;0.000;0.000;0.000;0.000;0.001;0.000;0.000;0.000;0.001;0.000;0.000;0.000;0.000;0.000;0.000;0.000;0.000;0.000;0.000;0.000;0.000;0.000;0.000;0.002;0.005;0.003;0.001;0.014;0.000;0.000;0.000;0.005;0.001;0.005;0.001;0.001;0.000;0.000;0.000;0.000;0.000;0.001;0.001;0.001;0.000;0.000;0.000;0.000;0.000;0.000;0.001;0.001;0.001;0.001;0.010;0.010;0.000;0.000;0.000
"2023";"93 Urheilutoiminta sekä huvi- ja virkistyspalvelut";"Käypiin hintoihin, miljoonaa euroa";0.001;0.000;0.000;0.000;0.000;0.000;0.000;0.000;0.000;0.001;0.000;0.000;0.000;0.001;0.001;0.000;0.000;0.000;0.000;0.000;0.000;0.000;0.001;0.001;0.000;0.000;0.000;0.000;0.001;0.002;0.001;0.001;0.001;0.001;0.001;0.002;0.007;0.000;0.000;0.000;0.001;0.001;0.001;0.001;0.000;0.000;0.001;0.000;0.001;0.001;0.001;0.000;0.000;0.000;0.000;0.001;0.001;0.001;0.001;0.002;0.043;0.002;0.000;0.001
"2023";"94 Järjestöjen toiminta";"Käypiin hintoihin, miljoonaa euroa";0.002;0.000;0.001;0.001;0.001;0.001;0.001;0.000;0.000;0.002;0.000;0.000;0.001;0.001;0.001;0.000;0.001;0.001;0.001;0.001;0.001;0.001;0.001;0.001;0.000;0.001;0.000;0.001;0.003;0.004;0.006;0.001;0.003;0.003;0.003;0.005;0.006;0.001;0.002;0.002;0.003;0.003;0.002;0.007;0.002;0.000;0.004;0.001;0.015;0.001;0.001;0.001;0.002;0.001;0.001;0.003;0.005;0.003;0.004;0.004;0.008;0.010;0.001;0.002
"2023";"95 Tietokoneiden, henkilökohtaisten ja kotitaloustavaroiden korjaus";"Käypiin hintoihin, miljoonaa euroa";0.000;0.001;0.001;0.000;0.000;0.000;0.000;0.000;0.000;0.000;0.000;0.000;0.000;0.000;0.000;0.000;0.000;0.000;0.000;0.000;0.000;0.000;0.000;0.000;0.000;0.000;0.000;0.000;0.000;0.001;0.000;0.000;0.000;0.000;0.000;0.000;0.000;0.000;0.000;0.000;0.000;0.000;0.000;0.000;0.001;0.000;0.000;0.001;0.004;0.001;0.000;0.000;0.000;0.001;0.000;0.002;0.001;0.000;0.000;0.000;0.000;0.000;0.012;0.000
"2023";"96 Muut henkilökohtaiset palvelut";"Käypiin hintoihin, miljoonaa euroa";0.001;0.000;0.000;0.003;0.000;0.000;0.000;0.000;0.000;0.000;0.000;0.000;0.000;0.000;0.000;0.000;0.000;0.000;0.000;0.000;0.002;0.000;0.000;0.000;0.000;0.000;0.000;0.000;0.006;0.005;0.007;0.000;0.000;0.000;0.000;0.000;0.009;0.000;0.000;0.000;0.000;0.000;0.000;0.000;0.000;0.000;0.000;0.000;0.000;0.000;0.001;0.000;0.000;0.000;0.000;0.001;0.001;0.002;0.002;0.002;0.017;0.000;0.000;0.049
"2023";"A-X toimialat yhteensä (00-99)";"Käypiin hintoihin, miljoonaa euroa";0.371;0.538;0.288;0.395;0.493;0.618;0.341;0.686;0.614;0.459;0.171;0.241;0.185;0.357;0.469;0.349;0.442;0.271;0.369;0.390;0.301;0.546;0.387;0.349;0.366;0.387;0.481;0.513;0.358;0.369;0.372;0.468;0.369;0.444;0.520;0.553;0.470;0.315;0.278;0.365;0.301;0.325;0.245;0.441;0.322;0.132;0.348;0.320;0.289;0.355;0.453;0.441;0.228;0.425;0.361;0.337;0.241;0.340;0.257;0.374;0.427;0.379;0.205;0.328
"2023";"P7_USE Tuontituotteiden käyttö yhteensä";"Käypiin hintoihin, miljoonaa euroa";0.157;0.107;0.063;0.060;0.118;0.177;0.302;0.105;0.218;0.180;0.697;0.506;0.161;0.337;0.200;0.496;0.205;0.379;0.306;0.258;0.397;0.270;0.248;0.216;0.114;0.087;0.116;0.110;0.155;0.102;0.102;0.055;0.340;0.297;0.131;0.116;0.119;0.191;0.143;0.105;0.183;0.055;0.068;0.093;0.023;0.002;0.136;0.104;0.075;0.138;0.097;0.178;0.019;0.252;0.124;0.070;0.032;0.067;0.037;0.100;0.086;0.061;0.189;0.094
"2023";"D21N Tuoteverot miinus tuotetukipalkkiot";"Käypiin hintoihin, miljoonaa euroa";0.017;0.017;0.015;0.021;0.020;-0.024;0.005;0.003;0.003;0.002;0.010;0.003;0.001;0.005;0.005;0.002;0.002;0.001;0.004;0.003;0.004;0.002;0.003;0.003;0.019;0.004;0.005;0.016;0.004;0.004;0.003;0.059;0.013;0.023;0.008;0.007;0.021;0.001;0.008;0.003;0.005;0.054;0.051;0.074;0.015;0.028;0.004;0.002;0.019;0.004;0.005;0.009;0.003;0.005;0.006;0.045;0.022;0.054;0.043;0.027;0.045;0.103;0.009;0.012
"2023";"FIMUSE_OH Välituotekäyttö/loppukäyttö yhteensä ostajanhintaan";"Käypiin hintoihin, miljoonaa euroa";0.545;0.663;0.366;0.477;0.631;0.771;0.649;0.794;0.835;0.641;0.877;0.749;0.347;0.699;0.674;0.847;0.649;0.651;0.678;0.651;0.701;0.818;0.638;0.568;0.499;0.478;0.603;0.638;0.517;0.475;0.477;0.581;0.722;0.764;0.659;0.675;0.609;0.506;0.429;0.473;0.489;0.434;0.364;0.607;0.360;0.163;0.488;0.426;0.383;0.496;0.554;0.628;0.250;0.683;0.491;0.452;0.295;0.461;0.336;0.501;0.557;0.543;0.402;0.435
"2023";"D1K Palkansaajakorvaukset, menona";"Käypiin hintoihin, miljoonaa euroa";0.252;0.072;0.090;0.100;0.156;0.142;0.231;0.136;0.097;0.267;0.028;0.068;0.154;0.203;0.196;0.064;0.229;0.161;0.164;0.179;0.187;0.151;0.256;0.337;0.080;0.189;0.174;0.244;0.324;0.306;0.341;0.259;0.159;0.137;0.217;0.298;0.281;0.223;0.285;0.180;0.392;0.177;0.177;0.330;0.080;.;0.376;0.449;0.473;0.380;0.304;0.111;0.801;0.224;0.497;0.348;0.547;0.442;0.616;0.335;0.295;0.414;0.281;0.180
"2023";"D29N Muut tuotantoverot miinus muut tuotantotukipalkkiot";"Käypiin hintoihin, miljoonaa euroa";0.001;-0.259;-0.001;-0.025;-0.002;-0.001;-0.002;0.000;-0.004;-0.001;0.005;-0.001;-0.001;-0.001;0.000;0.000;-0.001;-0.003;-0.002;-0.002;-0.001;-0.015;-0.001;0.000;0.033;0.006;0.003;0.000;0.001;0.000;0.001;0.003;-0.021;0.018;.;-0.005;-0.001;-0.001;-0.014;-0.004;-0.002;0.030;0.000;.;0.039;0.035;-0.001;-0.001;-0.008;-0.001;-0.001;0.001;-0.001;.;0.001;0.001;0.000;0.000;0.000;-0.004;-0.008;0.007;.;0.000
"2023";"P51CK Kiinteän pääoman kuluminen, menona";"Käypiin hintoihin, miljoonaa euroa";0.106;0.245;0.077;0.031;0.143;0.046;0.043;0.048;0.075;0.083;0.030;0.044;0.135;0.056;0.081;0.033;0.043;0.230;0.050;0.061;0.055;0.032;0.065;0.032;0.183;0.371;0.127;0.033;0.040;0.061;0.053;0.085;0.065;0.080;0.074;0.045;0.030;0.064;0.204;0.185;0.073;0.034;0.039;0.027;0.515;0.416;0.031;0.050;0.313;0.033;0.030;0.125;0.013;0.037;0.051;0.199;0.155;0.046;0.027;0.108;0.130;0.056;0.034;0.047
"2023";"B13N Toimintaylijäämä / sekatulo, netto";"Käypiin hintoihin, miljoonaa euroa";0.096;0.279;0.468;0.417;0.072;0.041;0.079;0.021;-0.002;0.010;0.059;0.141;0.366;0.043;0.049;0.056;0.080;-0.039;0.110;0.111;0.057;0.013;0.042;0.063;0.206;-0.043;0.092;0.085;0.118;0.158;0.128;0.072;0.075;.;0.050;-0.013;0.080;0.207;0.096;0.165;0.048;0.325;0.419;0.036;0.006;0.386;0.105;0.076;-0.160;0.091;0.113;0.134;-0.063;0.055;-0.040;.;0.003;0.051;0.021;0.060;0.026;-0.020;0.284;0.339
"2023";"B1GPH Bruttoarvonlisäys perushintaan";"Käypiin hintoihin, miljoonaa euroa";0.455;0.337;0.634;0.523;0.369;0.229;0.351;0.206;0.165;0.359;0.123;0.251;0.653;0.301;0.326;0.153;0.351;0.349;0.322;0.349;0.299;0.182;0.362;0.432;0.501;0.522;0.397;0.362;0.483;0.525;0.523;0.419;0.278;0.236;0.341;0.325;0.391;0.494;0.571;0.527;0.511;0.566;0.636;0.393;0.640;0.837;0.512;0.574;0.617;0.504;0.446;0.372;0.750;0.317;0.509;0.548;0.705;0.539;0.664;0.499;0.443;0.457;0.598;0.565
"2023";"P1R Tuotos perushintaan";"Käypiin hintoihin, miljoonaa euroa";1.000;1.000;1.000;1.000;1.000;1.000;1.000;1.000;1.000;1.000;1.000;1.000;1.000;1.000;1.000;1.000;1.000;1.000;1.000;1.000;1.000;1.000;1.000;1.000;1.000;1.000;1.000;1.000;1.000;1.000;1.000;1.000;1.000;1.000;1.000;1.000;1.000;1.000;1.000;1.000;1.000;1.000;1.000;1.000;1.000;1.000;1.000;1.000;1.000;1.000;1.000;1.000;1.000;1.000;1.000;1.000;1.000;1.000;1.000;1.000;1.000;1.000;1.000;1.000
